wilayah,2011,2012,2013,2014,2015,2016,2017,2018,2019,2020,2021,2022,2023,2024,2025
Aceh Barat,402636.0,407442.0,413061.0,417641.0,424227.0,441909.0,446614.0,447089.0,471058.0,517264.0,533712.0,558638.0,616091.0,644009.0,652009.0
Aceh Barat Daya,274089.0,276324.0,283117.0,288713.0,292323.0,306930.0,329543.0,340903.0,358059.0,393640.0,406157.0,430297.0,474127.0,516947.0,525947.0
Aceh Besar,351800.0,352112.0,352451.0,352751.0,366676.0,384545.0,398752.0,422051.0,447563.0,477938.0,489498.0,519320.0,564431.0,586860.0,598160.0
Aceh Jaya,291333.0,296921.0,303209.0,308891.0,316304.0,331940.0,356060.0,373690.0,391677.0,428094.0,441706.0,468854.0,515244.0,536092.0,542092.0
Aceh Selatan,278854.0,281158.0,283446.0,285301.0,288619.0,304466.0,332177.0,351288.0,369107.0,405786.0,418689.0,446224.0,494565.0,528243.0,538174.0
Aceh Singkil,304414.0,308917.0,316319.0,322413.0,351409.0,368968.0,406015.0,427804.0,450217.0,473983.0,487249.0,518951.0,568691.0,609322.0,619322.0
Aceh Tamiang,322629.0,328599.0,331218.0,336767.0,343246.0,368691.0,389459.0,420841.0,437991.0,459387.0,479801.0,508599.0,555387.0,583294.0,590294.0
Aceh Tengah,360044.0,365375.0,370670.0,374989.0,380858.0,397859.0,427170.0,445250.0,468577.0,492227.0,505933.0,533810.0,584863.0,626090.0,636315.0
Aceh Tenggara,201449.0,203116.0,206797.0,209811.0,212025.0,221799.0,250854.0,340196.0,357015.0,392493.0,404725.0,430825.0,471301.0,496074.0,502074.0
Aceh Timur,312927.0,316131.0,319392.0,322385.0,328048.0,350186.0,369911.0,398493.0,417715.0,440455.0,460422.0,491550.0,530934.0,557943.0,564943.0
Aceh Utara,271150.0,273334.0,274799.0,276137.0,280683.0,301733.0,318729.0,340086.0,353856.0,375394.0,392412.0,420615.0,454361.0,473719.0,483719.0
Agam,241355.0,254124.0,267436.0,275748.0,279590.0,315804.0,327004.0,341372.0,379304.0,424728.0,444711.0,485222.0,530290.0,558963.0,570317.0
Alor,196693.0,213946.0,232406.0,244431.0,250327.0,268450.0,287878.0,305853.0,311560.0,336402.0,364939.0,400858.0,438013.0,446875.0,464871.0
Asahan,245421.0,247603.0,251914.0,254253.0,262464.0,292030.0,305868.0,315420.0,330460.0,351314.0,377752.0,397944.0,427293.0,454298.0,469559.0
Asmat,236081.0,252526.0,271053.0,280854.0,299893.0,316437.0,349487.0,354478.0,364728.0,383790.0,405368.0,424978.0,450237.0,487035.0,520641.0
Badung,346460.0,376092.0,406408.0,423568.0,454916.0,470732.0,500885.0,534069.0,547186.0,587737.0,613993.0,633769.0,688018.0,737800.0,769560.0
Balangan,244785.0,263681.0,284378.0,299080.0,312445.0,348442.0,368580.0,382835.0,396532.0,441488.0,453928.0,476190.0,508157.0,528104.0,544169.0
Bandung,228092.0,241947.0,256733.0,264129.0,275562.0,297483.0,310569.0,334929.0,345177.0,367403.0,378819.0,398884.0,426069.0,455636.0,468974.0
Bandung Barat,227988.0,241892.0,256789.0,264244.0,275327.0,294823.0,309304.0,329415.0,341307.0,362212.0,374470.0,393956.0,426355.0,455325.0,471101.0
Banggai,245405.0,266023.0,287513.0,304907.0,311258.0,344795.0,352840.0,373695.0,395700.0,417863.0,431639.0,457335.0,488788.0,515334.0,535425.0
Banggai Kepulauan,215634.0,230688.0,244977.0,256341.0,260814.0,290742.0,300753.0,317475.0,338815.0,364025.0,373799.0,396904.0,432673.0,453552.0,471281.0
Banggai Laut,274333.0,274333.0,274333.0,274333.0,274333.0,296716.0,306611.0,324734.0,335604.0,359768.0,366005.0,384686.0,424660.0,443877.0,453715.0
Bangka,315548.0,336790.0,360715.0,375653.0,385899.0,427684.0,475024.0,497164.0,541925.0,577093.0,595429.0,639535.0,685810.0,723719.0,734575.0
Bangka Barat,305500.0,331971.0,366365.0,388493.0,399401.0,440850.0,497567.0,520642.0,549496.0,589894.0,599887.0,635861.0,681517.0,720398.0,731204.0
Bangka Selatan,308328.0,328497.0,350691.0,364504.0,374778.0,415359.0,462716.0,483823.0,523155.0,561617.0,581970.0,621629.0,669016.0,697382.0,707843.0
Bangka Tengah,387786.0,429177.0,479479.0,512240.0,528720.0,586445.0,653308.0,680907.0,693842.0,721331.0,735479.0,773509.0,814969.0,856895.0,865464.0
Bangkalan,251599.0,270870.0,291529.0,305174.0,319120.0,334338.0,349073.0,369455.0,389170.0,418908.0,432046.0,458754.0,503207.0,547017.0,566280.0
Bangli,233694.0,245720.0,258538.0,265603.0,283849.0,305200.0,321674.0,327668.0,329014.0,346458.0,370732.0,401650.0,436928.0,465572.0,486007.0
Banjar,251948.0,273074.0,296791.0,313769.0,327970.0,360494.0,381862.0,400081.0,429422.0,462375.0,482867.0,514991.0,561521.0,589165.0,634526.0
Banjarnegara,192303.0,205369.0,221056.0,229718.0,236399.0,252328.0,264387.0,278210.0,301792.0,318334.0,328679.0,351333.0,380046.0,398344.0,424316.0
Bantaeng,177829.0,188123.0,200302.0,209080.0,217595.0,223408.0,234286.0,260263.0,309357.0,340890.0,363342.0,394116.0,419677.0,434664.0,453167.0
Bantul,264546.0,277792.0,292639.0,301986.0,312514.0,332057.0,347476.0,369480.0,381538.0,405613.0,418265.0,445511.0,488340.0,510740.0,531456.0
Banyu Asin,256821.0,267600.0,281336.0,287842.0,311716.0,337391.0,353914.0,381437.0,397496.0,429816.0,445089.0,477393.0,509264.0,539283.0,560840.0
Banyumas,249807.0,271800.0,295742.0,309106.0,320585.0,344514.0,357748.0,366442.0,385140.0,406250.0,417086.0,441520.0,479027.0,500861.0,529310.0
Banyuwangi,240315.0,257857.0,276648.0,285004.0,295185.0,311722.0,319236.0,339891.0,353873.0,373679.0,387084.0,414879.0,448928.0,470713.0,485012.0
Barito Kuala,200706.0,213432.0,227692.0,237711.0,246397.0,274571.0,291285.0,297199.0,318995.0,340526.0,355160.0,375707.0,417110.0,437579.0,459547.0
Barito Selatan,275729.0,296750.0,311166.0,322062.0,333917.0,355341.0,377932.0,389405.0,408072.0,433787.0,450706.0,481352.0,512492.0,542075.0,564336.0
Barito Timur,304788.0,338467.0,373579.0,401513.0,415710.0,442068.0,467091.0,478510.0,487185.0,517183.0,534896.0,571786.0,623053.0,663119.0,690677.0
Barito Utara,281756.0,317497.0,355065.0,385348.0,408241.0,420100.0,446807.0,450936.0,472552.0,504430.0,525236.0,563393.0,590832.0,628429.0,654095.0
Barru,224201.0,234511.0,246303.0,253904.0,263210.0,280316.0,289371.0,307904.0,322248.0,337047.0,351924.0,368150.0,400702.0,417396.0,426792.0
Batang,184592.0,195983.0,208671.0,216952.0,224437.0,240541.0,249292.0,256549.0,286116.0,309202.0,318330.0,341252.0,378858.0,412196.0,436936.0
Batang Hari,266809.0,285713.0,306054.0,317870.0,328769.0,341320.0,365365.0,394438.0,420227.0,450233.0,462468.0,497857.0,540168.0,613093.0,622440.0
Batu Bara,277434.0,289014.0,303019.0,310494.0,320422.0,347533.0,363741.0,381651.0,408417.0,452393.0,477564.0,508524.0,556529.0,591201.0,613493.0
Bekasi,300013.0,328244.0,361510.0,374255.0,394513.0,416058.0,434112.0,463507.0,481732.0,518667.0,549875.0,579221.0,632811.0,674924.0,698154.0
Belitung,416041.0,463675.0,523846.0,563475.0,580050.0,610072.0,652989.0,704855.0,766276.0,812321.0,830484.0,860629.0,896948.0,919372.0,937759.0
Belitung Timur,380813.0,420973.0,464590.0,492652.0,504668.0,528572.0,563309.0,622396.0,684277.0,725395.0,798017.0,854534.0,899482.0,907577.0,925729.0
Belu,209223.0,229915.0,252005.0,263659.0,279442.0,300914.0,319280.0,330944.0,349414.0,372087.0,379280.0,416519.0,459111.0,476703.0,490904.0
Bener Meriah,322853.0,325576.0,327652.0,329550.0,338719.0,363796.0,383289.0,413208.0,431643.0,457916.0,476074.0,512111.0,551868.0,591421.0,602421.0
Bengkalis,349770.0,367743.0,388671.0,405945.0,420733.0,455021.0,496657.0,508633.0,533123.0,581416.0,604925.0,648933.0,713826.0,755572.0,764542.0
Bengkayang,210755.0,225635.0,240704.0,261184.0,273629.0,291430.0,311815.0,339891.0,357112.0,365755.0,372793.0,396037.0,416148.0,440390.0,454765.0
Bengkulu Selatan,253846.0,266465.0,278823.0,287029.0,294328.0,323991.0,346595.0,364888.0,377823.0,394513.0,408904.0,435955.0,467762.0,492627.0,500588.0
Bengkulu Tengah,255424.0,270611.0,286493.0,297163.0,308010.0,342162.0,366034.0,389821.0,406137.0,431688.0,447435.0,512084.0,549468.0,582468.0,595054.0
Bengkulu Utara,259568.0,272910.0,284806.0,292684.0,302989.0,333311.0,356566.0,359264.0,369367.0,387881.0,398746.0,423857.0,459171.0,484432.0,493892.0
Berau,341533.0,368080.0,396593.0,404665.0,426681.0,465161.0,496385.0,502564.0,526615.0,568500.0,595550.0,624948.0,677819.0,731250.0,753416.0
Biak Numfor,357595.0,384399.0,409164.0,422155.0,466074.0,491278.0,521782.0,528498.0,543971.0,574402.0,602931.0,627921.0,657182.0,677659.0,712459.0
Bima,217395.0,229387.0,243339.0,252628.0,255962.0,282854.0,288703.0,308695.0,327602.0,356352.0,363228.0,395040.0,429327.0,451386.0,465479.0
Bintan,286007.0,290994.0,298916.0,301829.0,313277.0,341812.0,354012.0,367294.0,384396.0,417654.0,424426.0,447933.0,474674.0,496764.0,528549.0
Bireuen,286617.0,289058.0,292308.0,295294.0,301027.0,317562.0,335314.0,358399.0,393198.0,410203.0,422685.0,451163.0,486667.0,494866.0,503866.0
Blitar,210254.0,222899.0,236381.0,244382.0,255966.0,272358.0,285474.0,305440.0,318534.0,325675.0,335573.0,355511.0,387733.0,408399.0,417158.0
Blora,206016.0,221088.0,237850.0,248903.0,257581.0,279972.0,291114.0,308520.0,335837.0,353259.0,363649.0,390478.0,425135.0,464959.0,492105.0
Boalemo,231480.0,249459.0,269570.0,292557.0,309227.0,332297.0,348581.0,368860.0,385122.0,426961.0,450724.0,472906.0,525007.0,551189.0,560482.0
Bogor,235682.0,252542.0,271970.0,280312.0,290874.0,317430.0,337550.0,359787.0,373799.0,402877.0,418483.0,443787.0,482174.0,513512.0,531412.0
Bojonegoro,230397.0,246454.0,263439.0,272886.0,284319.0,295250.0,309564.0,330544.0,347786.0,362383.0,380653.0,403403.0,435936.0,471457.0,490299.0
Bolaang Mongondow,234305.0,237141.0,241743.0,244173.0,257170.0,277338.0,287751.0,295834.0,315400.0,325227.0,343302.0,355639.0,394032.0,415628.0,454500.0
Bolaang Mongondow Selatan,231920.0,234691.0,237554.0,239055.0,256141.0,276229.0,288862.0,295875.0,316305.0,327648.0,345819.0,358465.0,397381.0,419865.0,445063.0
Bolaang Mongondow Timur,232402.0,235203.0,237317.0,238422.0,261715.0,282240.0,293187.0,302924.0,323989.0,335241.0,353872.0,368578.0,411409.0,433873.0,459824.0
Bolaang Mongondow Utara,190022.0,191883.0,194554.0,195957.0,207328.0,223588.0,230974.0,238645.0,254835.0,264227.0,275369.0,283627.0,316327.0,334448.0,364581.0
Bombana,226962.0,230705.0,235920.0,236688.0,246908.0,266717.0,270627.0,288201.0,308396.0,325949.0,346726.0,368576.0,406706.0,423183.0,441758.0
Bondowoso,251426.0,270530.0,290792.0,299819.0,313734.0,331975.0,343124.0,363443.0,380350.0,408352.0,423150.0,449760.0,494000.0,517741.0,526325.0
Bone,208275.0,219432.0,233943.0,244415.0,252392.0,260552.0,272555.0,309076.0,325422.0,345009.0,360177.0,380513.0,408244.0,423727.0,452560.0
Bone Bolango,225395.0,244682.0,265208.0,288741.0,304627.0,327354.0,339614.0,363982.0,380029.0,424275.0,449543.0,475874.0,505252.0,531286.0,555489.0
Boven Digoel,269760.0,298858.0,331147.0,348780.0,379630.0,406678.0,444813.0,452723.0,458012.0,486179.0,520245.0,550445.0,585228.0,622315.0,665009.0
Boyolali,223755.0,235399.0,247845.0,255391.0,263734.0,283921.0,293405.0,304575.0,332996.0,347520.0,361922.0,383030.0,420339.0,442071.0,464627.0
Brebes,261160.0,281601.0,307238.0,327452.0,340538.0,364059.0,382125.0,405932.0,414642.0,431897.0,445853.0,472326.0,513339.0,542495.0,563762.0
Buleleng,260165.0,277458.0,295912.0,306221.0,327357.0,350902.0,372399.0,395678.0,401377.0,424602.0,461018.0,496390.0,537262.0,570129.0,592706.0
Bulukumba,221152.0,233739.0,249131.0,260236.0,272703.0,274318.0,284108.0,310753.0,330161.0,351180.0,369022.0,390040.0,406882.0,422111.0,444994.0
Bulungan,283179.0,302225.0,322878.0,333804.0,352063.0,383642.0,398397.0,413294.0,448548.0,472569.0,486524.0,514320.0,551925.0,572546.0,594190.0
Bungo,232927.0,244463.0,257567.0,265054.0,272254.0,292573.0,310428.0,366226.0,390439.0,422801.0,436020.0,470545.0,517119.0,607714.0,619464.0
Buol,221154.0,236601.0,253185.0,266475.0,271525.0,304085.0,314556.0,332163.0,351135.0,375794.0,387444.0,410824.0,438363.0,477640.0,496424.0
Buru,286433.0,315016.0,347690.0,355985.0,383904.0,396313.0,415403.0,420083.0,463169.0,492055.0,503254.0,530858.0,584277.0,610346.0,638726.0
Buru Selatan,345106.0,391708.0,404982.0,458139.0,500864.0,514124.0,542036.0,542747.0,596469.0,628659.0,644441.0,677044.0,743721.0,769919.0,789414.0
Buton,182569.0,185685.0,188775.0,189228.0,198183.0,209245.0,211485.0,233201.0,254013.0,262541.0,270212.0,279627.0,302183.0,313831.0,372899.0
Buton Selatan,205287.0,205287.0,205287.0,205287.0,205287.0,205287.0,213869.0,214859.0,235847.0,248184.0,253877.0,264666.0,290203.0,300991.0,356075.0
Buton Tengah,215822.0,215822.0,215822.0,215822.0,215822.0,215822.0,220897.0,231289.0,251702.0,264699.0,273354.0,275058.0,299593.0,310721.0,358029.0
Buton Utara,239365.0,240899.0,242884.0,243172.0,258425.0,275544.0,280974.0,306437.0,331555.0,345039.0,355288.0,373792.0,403834.0,422483.0,442786.0
Ciamis,233528.0,251624.0,270515.0,283227.0,296647.0,319150.0,334038.0,357382.0,363750.0,378108.0,389676.0,405294.0,442108.0,467497.0,483644.0
Cianjur,235202.0,250032.0,264580.0,273506.0,287939.0,304255.0,320390.0,340882.0,350760.0,371699.0,387631.0,406829.0,437327.0,466509.0,482562.0
Cilacap,224530.0,240025.0,256615.0,265714.0,273828.0,292525.0,307041.0,320106.0,337572.0,351735.0,363367.0,384955.0,419429.0,441093.0,469174.0
Cirebon,262374.0,281027.0,300990.0,312194.0,327032.0,333758.0,346240.0,370747.0,381372.0,393452.0,404635.0,416914.0,451853.0,475046.0,491604.0
Dairi,239034.0,245743.0,251813.0,255130.0,263359.0,293666.0,310836.0,325176.0,341511.0,380275.0,408893.0,436713.0,463360.0,502924.0,521738.0
Deiyai,331524.0,367678.0,408519.0,430883.0,483206.0,503898.0,556281.0,561857.0,579263.0,608868.0,627742.0,647902.0,709749.0,770492.0,817167.0
Deli Serdang,268926.0,278472.0,288770.0,293551.0,304183.0,347030.0,363371.0,381173.0,390440.0,413202.0,428123.0,448489.0,479509.0,508139.0,525433.0
Demak,254441.0,276041.0,299773.0,315570.0,328529.0,356919.0,371525.0,402211.0,411202.0,432533.0,445176.0,471818.0,511145.0,535134.0,569035.0
Dharmasraya,275528.0,292195.0,309661.0,320644.0,335151.0,374642.0,398408.0,414096.0,439117.0,477421.0,503183.0,530693.0,581058.0,622190.0,633451.0
Dogiyai,333046.0,336900.0,345421.0,349727.0,385923.0,427149.0,471762.0,477674.0,492905.0,512654.0,557009.0,592213.0,653007.0,709423.0,752603.0
Dompu,211464.0,222972.0,233213.0,239936.0,243467.0,263458.0,266483.0,284188.0,328740.0,362142.0,370120.0,404413.0,442451.0,469647.0,484327.0
Donggala,203960.0,217419.0,233991.0,247348.0,251529.0,281374.0,291011.0,308212.0,336404.0,360483.0,369784.0,395028.0,421493.0,438396.0,450811.0
Empat Lawang,216347.0,226435.0,234158.0,237756.0,243132.0,269211.0,280350.0,306546.0,315699.0,341007.0,360378.0,384199.0,411191.0,421747.0,440405.0
Ende,230086.0,250191.0,271888.0,286028.0,291770.0,315095.0,341219.0,358986.0,363508.0,392591.0,428328.0,473403.0,518939.0,528259.0,549363.0
Enrekang,212826.0,223488.0,235269.0,244643.0,258472.0,275971.0,283653.0,312674.0,331667.0,338731.0,352147.0,371669.0,408198.0,427556.0,451580.0
Fakfak,355494.0,369929.0,394248.0,419644.0,433491.0,446531.0,473950.0,498184.0,544783.0,578510.0,596406.0,628418.0,671021.0,725257.0,754624.0
Flores Timur,185817.0,201162.0,214010.0,222207.0,226252.0,246851.0,267317.0,281757.0,279268.0,301611.0,329340.0,364117.0,405486.0,412744.0,429094.0
Garut,202350.0,213707.0,226308.0,234661.0,241068.0,256770.0,267252.0,282683.0,301202.0,310437.0,320050.0,335134.0,367681.0,393464.0,407191.0
Gayo Lues,275000.0,277250.0,279420.0,281178.0,286882.0,301546.0,323482.0,368583.0,387893.0,425529.0,438689.0,470221.0,514836.0,557201.0,567201.0
Gianyar,260704.0,274639.0,279742.0,298465.0,320805.0,339414.0,358496.0,378561.0,382380.0,400079.0,407945.0,434163.0,468307.0,500797.0,522497.0
Gorontalo,249151.0,271772.0,295852.0,323578.0,343373.0,368863.0,382722.0,409179.0,425827.0,475102.0,502964.0,531294.0,568430.0,605743.0,635880.0
Gorontalo Utara,210011.0,211182.0,212360.0,213613.0,222054.0,238621.0,251054.0,267806.0,278746.0,311200.0,327531.0,346557.0,371302.0,387535.0,424573.0
Gowa,245195.0,260721.0,278068.0,290592.0,306328.0,316428.0,333002.0,365503.0,385820.0,390917.0,408435.0,429222.0,456719.0,475305.0,496555.0
Gresik,285519.0,306177.0,331296.0,348888.0,372661.0,393447.0,414261.0,438704.0,466154.0,492628.0,505499.0,536544.0,588316.0,608828.0,635154.0
Grobogan,242212.0,260435.0,278786.0,290827.0,303455.0,333009.0,345379.0,366192.0,375521.0,395001.0,404456.0,428597.0,464614.0,489208.0,526238.0
Gunung Kidul,220479.0,228745.0,238056.0,243847.0,250630.0,264637.0,277261.0,288748.0,301125.0,319851.0,325907.0,350739.0,382249.0,401209.0,413617.0
Gunung Mas,263356.0,288794.0,317979.0,341141.0,356866.0,365198.0,388415.0,388864.0,403045.0,438881.0,456984.0,479550.0,526341.0,562332.0,585476.0
Halmahera Barat,226187.0,238698.0,251447.0,258965.0,269068.0,293118.0,302921.0,316381.0,324849.0,339283.0,358707.0,379108.0,414870.0,455327.0,525327.0
Halmahera Selatan,209455.0,219933.0,230667.0,236969.0,245113.0,266155.0,273849.0,290627.0,310161.0,324767.0,343323.0,362100.0,400768.0,449334.0,512217.0
Halmahera Tengah,296623.0,315605.0,335139.0,346751.0,361983.0,397379.0,410708.0,429805.0,454180.0,466973.0,491657.0,507555.0,552350.0,593903.0,647982.0
Halmahera Timur,344615.0,373948.0,383015.0,419734.0,441911.0,494245.0,509725.0,510899.0,545238.0,569464.0,600339.0,624983.0,631233.0,655936.0,705734.0
Halmahera Utara,170559.0,177648.0,184492.0,188471.0,195091.0,208832.0,215837.0,228092.0,238878.0,248544.0,263507.0,301041.0,378968.0,425857.0,490223.0
Hulu Sungai Selatan,279594.0,305283.0,332312.0,351691.0,365097.0,409235.0,431296.0,444455.0,461581.0,528622.0,494203.0,516857.0,547855.0,583549.0,598545.0
Hulu Sungai Tengah,227761.0,241973.0,257580.0,268522.0,279530.0,322392.0,341024.0,354214.0,365008.0,417778.0,425438.0,444331.0,475655.0,513950.0,530279.0
Hulu Sungai Utara,264058.0,286430.0,312537.0,331299.0,346066.0,385338.0,407608.0,420783.0,436997.0,488237.0,501994.0,526919.0,561429.0,597894.0,613161.0
Humbang Hasundutan,229594.0,238013.0,247658.0,254633.0,262317.0,301663.0,313545.0,329189.0,336500.0,374768.0,397237.0,419180.0,451625.0,487256.0,503769.0
Indragiri Hilir,261927.0,272235.0,282361.0,289780.0,295781.0,315988.0,368134.0,435202.0,450728.0,495305.0,518283.0,568879.0,597122.0,629570.0,642777.0
Indragiri Hulu,325185.0,345423.0,369210.0,387172.0,396088.0,419737.0,432589.0,457871.0,474298.0,522110.0,549563.0,584910.0,626671.0,660349.0,673975.0
Indramayu,301788.0,325787.0,350455.0,364360.0,379088.0,397196.0,413857.0,447378.0,458240.0,474807.0,481754.0,499805.0,532545.0,560159.0,578169.0
Intan Jaya,304909.0,356862.0,418057.0,453388.0,501749.0,542007.0,598436.0,606138.0,627128.0,662465.0,725106.0,769993.0,853098.0,948843.0,980000.0
Jayapura,350569.0,376261.0,404404.0,419312.0,454989.0,464519.0,489932.0,549489.0,589521.0,601005.0,624845.0,651581.0,706549.0,729234.0,766257.0
Jayawijaya,273270.0,289785.0,307760.0,317168.0,349878.0,367804.0,406219.0,409846.0,420471.0,461058.0,501075.0,524173.0,566319.0,722258.0,913719.0
Jember,226546.0,242440.0,260106.0,267962.0,283510.0,299823.0,310650.0,324174.0,339685.0,365295.0,380397.0,400961.0,441171.0,459043.0,474903.0
Jembrana,267747.0,282471.0,298003.0,306586.0,330073.0,354901.0,374057.0,385959.0,390102.0,403462.0,434839.0,458214.0,496435.0,531164.0,554136.0
Jeneponto,233713.0,249963.0,265921.0,277413.0,291408.0,302113.0,315702.0,356319.0,359883.0,366453.0,374407.0,384299.0,405280.0,416231.0,435704.0
Jepara,242963.0,263266.0,285287.0,299914.0,314422.0,341754.0,355607.0,371296.0,386693.0,407056.0,419028.0,442618.0,479131.0,503832.0,535150.0
Jombang,251704.0,270930.0,289841.0,301162.0,316922.0,337217.0,353456.0,374895.0,399633.0,410116.0,421172.0,448830.0,488754.0,514170.0,532053.0
Kaimana,278626.0,292731.0,309655.0,327197.0,336596.0,342293.0,363581.0,386576.0,412130.0,438991.0,450301.0,511011.0,609865.0,682231.0,710589.0
Kampar,308446.0,320907.0,336681.0,348373.0,360324.0,375716.0,398138.0,419306.0,434601.0,460991.0,477603.0,502670.0,547696.0,590444.0,600385.0
Kapuas,205852.0,220256.0,235187.0,246679.0,252866.0,266943.0,283222.0,291820.0,305809.0,332999.0,345272.0,424066.0,485958.0,508022.0,529062.0
Kapuas Hulu,253680.0,278446.0,304138.0,323786.0,346335.0,369981.0,384275.0,430652.0,452471.0,465360.0,481826.0,508087.0,543301.0,572644.0,579450.0
Karanganyar,236093.0,255072.0,275865.0,288814.0,303056.0,329531.0,340538.0,348896.0,365151.0,385563.0,401542.0,424677.0,465703.0,491551.0,523407.0
Karangasem,226173.0,236688.0,248379.0,254805.0,269866.0,288436.0,301720.0,311321.0,315805.0,330441.0,354123.0,376229.0,404083.0,432414.0,453685.0
Karawang,288001.0,310751.0,335273.0,344477.0,363105.0,386282.0,408579.0,433972.0,440347.0,466152.0,494201.0,521158.0,555889.0,597345.0,617901.0
Karimun,269423.0,274080.0,288856.0,299538.0,309558.0,338341.0,354526.0,360087.0,376853.0,411052.0,422961.0,446856.0,468332.0,492654.0,524326.0
Karo,315547.0,327311.0,337578.0,343225.0,357954.0,400261.0,423663.0,437702.0,460870.0,500921.0,531519.0,563660.0,606244.0,656812.0,678885.0
Katingan,273703.0,299427.0,325773.0,341896.0,356695.0,387848.0,412113.0,420418.0,434609.0,474056.0,498487.0,553082.0,589596.0,615575.0,640905.0
Kaur,225844.0,236930.0,248571.0,256321.0,262881.0,289374.0,310047.0,317558.0,322815.0,338451.0,350794.0,371660.0,415715.0,432939.0,443789.0
Kayong Utara,183174.0,195683.0,207989.0,217147.0,230320.0,244046.0,260114.0,287078.0,302811.0,311643.0,321356.0,339089.0,365262.0,386071.0,404384.0
Kebumen,234005.0,250413.0,267763.0,277280.0,292177.0,313881.0,325819.0,342437.0,362847.0,380557.0,390599.0,416004.0,451678.0,471824.0,502841.0
Kediri,218865.0,232373.0,245287.0,251547.0,261088.0,272374.0,281012.0,294098.0,305491.0,324215.0,335990.0,353033.0,385874.0,403621.0,419486.0
Keerom,342852.0,374821.0,406808.0,423918.0,460199.0,504460.0,532499.0,597230.0,655056.0,677050.0,704998.0,744805.0,807097.0,832766.0,875121.0
Kendal,234475.0,253276.0,275016.0,289486.0,301449.0,323078.0,335497.0,353127.0,369769.0,396691.0,407387.0,433864.0,465936.0,488940.0,521061.0
Kepahiang,245303.0,259131.0,274671.0,285124.0,293731.0,323333.0,348238.0,361281.0,374568.0,396184.0,410569.0,433660.0,465292.0,488445.0,496275.0
Kepulauan Anambas,255867.0,260523.0,268570.0,271539.0,313042.0,341556.0,356046.0,366917.0,382449.0,416877.0,429475.0,452220.0,481718.0,504332.0,540795.0
Kepulauan Aru,239965.0,259585.0,277924.0,282440.0,312520.0,337180.0,352151.0,412665.0,438848.0,490565.0,516604.0,562416.0,626086.0,644112.0,673363.0
Kepulauan Mentawai,199324.0,208045.0,217773.0,223814.0,235987.0,263793.0,280695.0,294284.0,310033.0,340191.0,356403.0,386152.0,421113.0,461088.0,474879.0
Kepulauan Meranti,358617.0,371169.0,375063.0,397937.0,403535.0,427938.0,445025.0,462535.0,483377.0,520955.0,542599.0,568639.0,623576.0,661863.0,673296.0
Kepulauan Sangihe,197236.0,199240.0,201184.0,202201.0,215355.0,232736.0,240321.0,250475.0,263268.0,272971.0,283852.0,292549.0,313945.0,328431.0,360933.0
Kepulauan Selayar,224541.0,240198.0,261261.0,276769.0,286032.0,296540.0,310978.0,348608.0,370380.0,396822.0,406732.0,430976.0,453432.0,468755.0,477794.0
Kepulauan Seribu,393717.0,423179.0,455049.0,474862.0,500171.0,520073.0,552622.0,576713.0,629315.0,661852.0,670785.0,701088.0,743820.0,775909.0,801734.0
Kepulauan Sula,232756.0,245626.0,264258.0,275479.0,284471.0,315133.0,320854.0,337543.0,359497.0,372561.0,391912.0,414512.0,453476.0,485242.0,529754.0
Kepulauan Talaud,206632.0,208832.0,211224.0,212477.0,228813.0,246757.0,257294.0,265839.0,284681.0,294686.0,308395.0,319974.0,352120.0,364581.0,396995.0
Kepulauan Yapen,358284.0,394193.0,435185.0,457488.0,512934.0,536501.0,592535.0,600161.0,618487.0,653819.0,688204.0,716343.0,757676.0,782033.0,821782.0
Kerinci,241969.0,252734.0,262679.0,268285.0,275265.0,285406.0,309941.0,333978.0,356059.0,385571.0,396168.0,443408.0,485838.0,606095.0,617362.0
Ketapang,259100.0,284036.0,310504.0,330763.0,356319.0,366250.0,391868.0,432354.0,454160.0,468450.0,482824.0,499724.0,539108.0,570638.0,591623.0
Klaten,275002.0,296530.0,315566.0,327231.0,340484.0,364240.0,376305.0,397447.0,405537.0,419510.0,436896.0,458872.0,488102.0,505826.0,533141.0
Klungkung,223639.0,233764.0,246615.0,253717.0,264866.0,284789.0,299664.0,310764.0,312864.0,318139.0,342043.0,359415.0,384983.0,411010.0,427844.0
Kolaka,258963.0,265404.0,275682.0,277220.0,292370.0,320897.0,327329.0,349388.0,370036.0,406919.0,432858.0,448100.0,464000.0,477917.0,493073.0
Kolaka Timur,291862.0,291862.0,291862.0,291862.0,291862.0,314387.0,323956.0,345216.0,369870.0,405341.0,431179.0,458563.0,513085.0,525091.0,548146.0
Kolaka Utara,312645.0,322242.0,324985.0,336384.0,356680.0,388041.0,406334.0,453994.0,454127.0,494836.0,506903.0,511972.0,517092.0,529192.0,552220.0
Konawe,227292.0,228610.0,230486.0,230759.0,241617.0,260264.0,267331.0,283109.0,293801.0,323180.0,343781.0,363645.0,400581.0,425029.0,462463.0
Konawe Kepulauan,240679.0,240679.0,240679.0,240679.0,240679.0,263229.0,271241.0,294035.0,314815.0,335414.0,347332.0,370692.0,393000.0,415880.0,432435.0
Konawe Selatan,170100.0,172007.0,175092.0,175544.0,181796.0,195175.0,200663.0,219979.0,235654.0,261382.0,275339.0,294510.0,331620.0,354696.0,370133.0
Konawe Utara,198840.0,202700.0,207521.0,208232.0,216578.0,232307.0,244391.0,260861.0,273544.0,305100.0,321986.0,340061.0,381620.0,407710.0,425351.0
Kota Ambon,324453.0,368318.0,417789.0,430697.0,473236.0,486931.0,514690.0,532719.0,571315.0,596042.0,621482.0,661016.0,716560.0,750166.0,783697.0
Kota Balikpapan,357077.0,389982.0,425146.0,460297.0,485665.0,498721.0,530710.0,545971.0,572108.0,613622.0,657521.0,680499.0,743084.0,782248.0,836374.0
Kota Banda Aceh,477669.0,485543.0,493558.0,500768.0,523444.0,541732.0,572295.0,607391.0,628493.0,674977.0,698617.0,737016.0,814530.0,862944.0,872944.0
Kota Bandar Lampung,359948.0,392642.0,429146.0,450014.0,476055.0,502968.0,540679.0,562277.0,588177.0,634743.0,654576.0,698598.0,761790.0,787260.0,810345.0
Kota Bandung,292104.0,314721.0,340355.0,353423.0,376311.0,400541.0,420579.0,448902.0,474448.0,500452.0,515396.0,545675.0,591124.0,614707.0,644417.0
Kota Banjar,219541.0,234687.0,250311.0,260742.0,271017.0,289369.0,305603.0,324958.0,334590.0,344363.0,357210.0,373510.0,408710.0,430590.0,451277.0
Kota Banjar Baru,334232.0,369961.0,408649.0,436795.0,463579.0,505380.0,539608.0,572195.0,614757.0,652030.0,653556.0,692830.0,753899.0,781405.0,814292.0
Kota Banjarmasin,291231.0,318135.0,346466.0,366788.0,384659.0,417174.0,445428.0,477210.0,509773.0,543546.0,606330.0,651383.0,708617.0,743872.0,752092.0
Kota Baru,253892.0,274597.0,294832.0,309142.0,325061.0,369147.0,384977.0,401300.0,416388.0,466121.0,481452.0,505601.0,556962.0,592230.0,603599.0
Kota Batam,443164.0,461850.0,482567.0,497415.0,525452.0,565380.0,591589.0,650406.0,686956.0,707856.0,740109.0,783730.0,854465.0,903960.0,954437.0
Kota Batu,280330.0,306780.0,336844.0,355317.0,380393.0,398401.0,424354.0,467073.0,501016.0,509886.0,522819.0,564010.0,613985.0,642778.0,671273.0
Kota Baubau,245326.0,251070.0,257174.0,258075.0,274066.0,291873.0,297991.0,311509.0,329977.0,344598.0,360766.0,376932.0,412008.0,431717.0,462878.0
Kota Bekasi,365721.0,403033.0,449026.0,466851.0,497343.0,521813.0,544534.0,582723.0,617718.0,657953.0,692885.0,731392.0,795965.0,842927.0,864601.0
Kota Bengkulu,391457.0,424132.0,433081.0,468880.0,494825.0,535893.0,584265.0,642314.0,660442.0,702578.0,740612.0,785905.0,810507.0,820354.0,840710.0
Kota Bima,237684.0,252166.0,262967.0,270037.0,274394.0,293048.0,299346.0,323187.0,352593.0,383161.0,399193.0,432959.0,471841.0,496096.0,520143.0
Kota Binjai,285185.0,295265.0,305596.0,310384.0,322091.0,343078.0,371387.0,380792.0,403798.0,433746.0,466554.0,499451.0,538638.0,577220.0,600451.0
Kota Bitung,284789.0,289007.0,291316.0,295822.0,321549.0,337674.0,356120.0,368574.0,391479.0,416993.0,434642.0,458983.0,501139.0,518405.0,557556.0
Kota Blitar,257685.0,279661.0,304224.0,319177.0,338532.0,356147.0,383021.0,425832.0,456778.0,465868.0,481229.0,517363.0,568280.0,596105.0,625337.0
Kota Bogor,305870.0,331955.0,360518.0,372886.0,392405.0,416779.0,450078.0,480749.0,513343.0,547399.0,571425.0,608949.0,661384.0,699861.0,730079.0
Kota Bontang,347312.0,383200.0,422951.0,454392.0,479060.0,513205.0,542985.0,549830.0,582188.0,636491.0,665572.0,697326.0,763661.0,801945.0,831247.0
Kota Bukittinggi,308569.0,331762.0,356752.0,372696.0,379445.0,420478.0,441087.0,459371.0,475755.0,519470.0,540457.0,570032.0,619896.0,658640.0,685824.0
Kota Cilegon,261962.0,277875.0,295100.0,306253.0,323935.0,347949.0,373147.0,428867.0,459469.0,504571.0,540032.0,572780.0,632703.0,663533.0,696397.0
Kota Cimahi,293143.0,318871.0,347234.0,361794.0,386513.0,411665.0,433759.0,462969.0,484804.0,511375.0,522281.0,549450.0,590197.0,612567.0,642016.0
Kota Cirebon,284543.0,307812.0,334439.0,349599.0,358654.0,373866.0,392725.0,426738.0,444574.0,457954.0,467248.0,485613.0,520579.0,545592.0,571809.0
Kota Denpasar,342444.0,373366.0,407191.0,426513.0,463271.0,483821.0,512947.0,545357.0,571246.0,618064.0,662499.0,712815.0,778203.0,820512.0,862522.0
Kota Depok,358259.0,397687.0,443302.0,462069.0,496747.0,522934.0,556470.0,615255.0,644860.0,688194.0,705084.0,744771.0,804984.0,843893.0,884633.0
Kota Dumai,298127.0,311891.0,328158.0,341525.0,353079.0,369624.0,403244.0,418597.0,439152.0,484609.0,509002.0,543182.0,601348.0,631652.0,654144.0
Kota Gorontalo,264550.0,295444.0,332241.0,376010.0,404620.0,437129.0,452758.0,482585.0,520095.0,569538.0,598363.0,643531.0,697650.0,723861.0,731952.0
Kota Gunungsitoli,270245.0,277554.0,284492.0,288112.0,289428.0,304727.0,318585.0,327303.0,339671.0,370967.0,408190.0,426349.0,459787.0,493644.0,521961.0
Kota Jakarta Barat,347449.0,362363.0,377884.0,387242.0,408818.0,421968.0,443561.0,490331.0,517646.0,557803.0,570330.0,599514.0,657247.0,685071.0,707669.0
Kota Jakarta Pusat,370897.0,402570.0,436869.0,458388.0,484526.0,503304.0,524750.0,580080.0,625177.0,672328.0,689379.0,733176.0,784679.0,818722.0,846307.0
Kota Jakarta Selatan,430345.0,466817.0,507665.0,533347.0,567685.0,594380.0,620712.0,680167.0,729256.0,782731.0,792684.0,842630.0,891580.0,928278.0,959133.0
Kota Jakarta Timur,352614.0,366674.0,381984.0,391205.0,412515.0,433405.0,455584.0,502152.0,539510.0,581954.0,594849.0,630842.0,669713.0,697472.0,720813.0
Kota Jakarta Utara,344089.0,364359.0,387901.0,402391.0,423828.0,441617.0,463787.0,512689.0,549506.0,594240.0,609310.0,645431.0,684557.0,712835.0,736415.0
Kota Jambi,302231.0,322736.0,346099.0,359686.0,372600.0,397088.0,413722.0,466854.0,488034.0,529090.0,563403.0,605556.0,667447.0,757014.0,773124.0
Kota Jayapura,556462.0,624424.0,643498.0,657702.0,763326.0,805746.0,849496.0,944479.0,992610.0,1021759.0,1051297.0,1099019.0,1147265.0,1179015.0,1253343.0
Kota Kediri,288876.0,316693.0,349925.0,366788.0,386521.0,400096.0,420712.0,453807.0,471893.0,493438.0,506936.0,537326.0,587723.0,621051.0,648506.0
Kota Kendari,237750.0,246474.0,255229.0,256535.0,270861.0,291069.0,301894.0,327976.0,350647.0,384379.0,423653.0,454846.0,503369.0,516809.0,554111.0
Kota Kotamobagu,229699.0,232417.0,235763.0,237521.0,255330.0,274103.0,289077.0,298742.0,323292.0,343675.0,363777.0,385962.0,426174.0,452245.0,495416.0
Kota Kupang,337181.0,386514.0,400641.0,413905.0,455924.0,482857.0,504179.0,518095.0,545219.0,587921.0,599880.0,648982.0,732921.0,761108.0,794609.0
Kota Langsa,293333.0,296195.0,298749.0,301089.0,307260.0,323246.0,347056.0,371267.0,380906.0,407421.0,435438.0,469348.0,512319.0,546363.0,554363.0
Kota Lhokseumawe,290838.0,293348.0,293788.0,297189.0,303155.0,319988.0,343558.0,367525.0,376832.0,401158.0,427045.0,460583.0,498431.0,522671.0,529671.0
Kota Lubuklinggau,318189.0,337160.0,362872.0,375338.0,393365.0,417192.0,435956.0,470897.0,477756.0,495213.0,516763.0,541784.0,583867.0,598850.0,632783.0
Kota Madiun,260179.0,288368.0,320210.0,338609.0,359771.0,376956.0,404959.0,446525.0,478304.0,497628.0,514409.0,551620.0,605131.0,637838.0,666073.0
Kota Magelang,280877.0,313250.0,350554.0,376143.0,405228.0,425191.0,450908.0,476582.0,481282.0,522099.0,537783.0,575130.0,602794.0,626614.0,662129.0
Kota Makassar,242034.0,256777.0,288040.0,297197.0,321094.0,347723.0,366430.0,386545.0,418831.0,442513.0,475444.0,511081.0,570286.0,592753.0,610536.0
Kota Malang,302103.0,330765.0,362162.0,381400.0,411709.0,426527.0,454061.0,507114.0,543966.0,554791.0,570238.0,609612.0,674660.0,706341.0,737954.0
Kota Manado,256545.0,267745.0,279910.0,286498.0,313597.0,334732.0,353018.0,364820.0,396196.0,424473.0,449679.0,475683.0,521012.0,540888.0,592668.0
Kota Mataram,308920.0,333931.0,359651.0,376178.0,397468.0,414115.0,428754.0,457950.0,480304.0,499959.0,524762.0,562661.0,616536.0,657667.0,689992.0
Kota Medan,373619.0,384608.0,396112.0,401417.0,420208.0,460685.0,491496.0,518420.0,532055.0,553796.0,577126.0,607166.0,651901.0,695295.0,721547.0
Kota Metro,255231.0,273117.0,293994.0,305748.0,314891.0,331201.0,346491.0,360656.0,371636.0,406351.0,417861.0,449415.0,480830.0,503161.0,596139.0
Kota Mojokerto,266978.0,287728.0,312919.0,328250.0,348670.0,364021.0,391489.0,437231.0,467997.0,482016.0,493452.0,531804.0,581006.0,610968.0,630959.0
Kota Padang,326705.0,350088.0,377943.0,395785.0,414612.0,449658.0,482763.0,507042.0,534857.0,570654.0,602540.0,634581.0,698720.0,736786.0,767616.0
Kota Padang Panjang,293519.0,318783.0,354955.0,378852.0,384969.0,420981.0,424298.0,438075.0,450377.0,491142.0,516648.0,543609.0,599681.0,634303.0,660705.0
Kota Padangsidimpuan,282565.0,292197.0,300280.0,304508.0,315547.0,326579.0,348074.0,363468.0,382884.0,417455.0,453777.0,480196.0,523244.0,556024.0,578095.0
Kota Pagar Alam,234189.0,244358.0,249089.0,261261.0,268636.0,289493.0,299982.0,324025.0,328745.0,342738.0,356287.0,370417.0,408917.0,427007.0,444962.0
Kota Palangka Raya,235187.0,258381.0,281323.0,299328.0,307796.0,324082.0,345417.0,353853.0,379420.0,435008.0,456276.0,485800.0,530223.0,555618.0,587075.0
Kota Palembang,344939.0,366689.0,392560.0,405037.0,431242.0,456225.0,480735.0,510994.0,521489.0,548563.0,567518.0,597136.0,643356.0,660932.0,699920.0
Kota Palopo,212176.0,218989.0,224562.0,228881.0,246727.0,261056.0,274319.0,292602.0,324233.0,362859.0,383007.0,403144.0,442276.0,466521.0,481362.0
Kota Palu,313479.0,345827.0,378455.0,405195.0,416596.0,451437.0,473555.0,492085.0,522444.0,559246.0,571605.0,604280.0,632261.0,658112.0,685888.0
Kota Pangkal Pinang,378275.0,423848.0,475480.0,509246.0,527668.0,604011.0,654044.0,700949.0,748487.0,795653.0,808839.0,858840.0,894224.0,925522.0,956990.0
Kota Parepare,216236.0,230121.0,248270.0,256303.0,270508.0,281951.0,292685.0,308337.0,323839.0,363710.0,383471.0,402126.0,445032.0,467151.0,483487.0
Kota Pariaman,288773.0,307157.0,331511.0,347107.0,359965.0,392970.0,412231.0,431368.0,446514.0,480028.0,495386.0,522932.0,576455.0,609286.0,634304.0
Kota Pasuruan,269543.0,292241.0,316862.0,328648.0,343392.0,362224.0,378593.0,415171.0,434435.0,441531.0,461624.0,486893.0,529512.0,554195.0,588312.0
Kota Payakumbuh,309671.0,337237.0,366691.0,385693.0,390151.0,424233.0,441736.0,462243.0,482184.0,526490.0,543335.0,573234.0,616357.0,648230.0,674813.0
Kota Pekalongan,270663.0,294586.0,322313.0,338398.0,352717.0,375600.0,390555.0,415172.0,425026.0,460789.0,480415.0,513243.0,565998.0,605312.0,639402.0
Kota Pekanbaru,339965.0,357200.0,381287.0,399451.0,416479.0,435082.0,473788.0,499852.0,516368.0,589281.0,613183.0,655389.0,712000.0,749522.0,767408.0
Kota Pematang Siantar,349068.0,363871.0,379314.0,387899.0,403918.0,429365.0,464794.0,474084.0,502726.0,536486.0,583588.0,631886.0,670183.0,709992.0,722851.0
Kota Pontianak,274647.0,306017.0,341422.0,369079.0,403905.0,427783.0,439648.0,483618.0,523736.0,567432.0,578615.0,622735.0,677512.0,708333.0,729168.0
Kota Prabumulih,349756.0,374018.0,399934.0,412418.0,441420.0,466459.0,493871.0,530748.0,541648.0,569769.0,592210.0,623429.0,649951.0,650002.0,687666.0
Kota Probolinggo,425583.0,335874.0,364317.0,383673.0,403037.0,418480.0,437392.0,479267.0,501505.0,524528.0,545955.0,575195.0,628380.0,654409.0,683244.0
Kota Sabang,438111.0,443848.0,451218.0,457242.0,475111.0,492787.0,523705.0,552272.0,563100.0,599381.0,620373.0,660573.0,715446.0,725956.0,736956.0
Kota Salatiga,254726.0,277039.0,302884.0,320204.0,337511.0,345146.0,359944.0,380856.0,418955.0,454154.0,480903.0,518815.0,565031.0,596659.0,630119.0
Kota Samarinda,381614.0,419353.0,460975.0,493763.0,533401.0,566392.0,594645.0,616365.0,658307.0,719710.0,750055.0,784198.0,850842.0,877945.0,909746.0
Kota Sawah Lunto,220402.0,242043.0,267079.0,283470.0,293725.0,318721.0,337682.0,354665.0,374615.0,399688.0,412757.0,443301.0,487610.0,524196.0,545725.0
Kota Semarang,272996.0,297848.0,328271.0,348824.0,368477.0,382160.0,402297.0,427511.0,474930.0,522691.0,543929.0,589598.0,642456.0,671936.0,709785.0
Kota Serang,213617.0,224964.0,236039.0,242977.0,255614.0,281926.0,296819.0,350237.0,379641.0,411595.0,431210.0,460613.0,511575.0,540786.0,556702.0
Kota Sibolga,310945.0,322176.0,333923.0,342384.0,355225.0,391681.0,413454.0,415478.0,425236.0,453786.0,485527.0,516367.0,568188.0,612818.0,637141.0
Kota Singkawang,271004.0,294960.0,320211.0,355133.0,376797.0,387801.0,410717.0,464673.0,492131.0,510596.0,527892.0,552823.0,588561.0,614077.0,638961.0
Kota Solok,299798.0,319814.0,342001.0,356078.0,370229.0,385781.0,413297.0,414673.0,440618.0,450254.0,464977.0,491488.0,538682.0,569869.0,593520.0
Kota Sorong,461075.0,496815.0,536584.0,557832.0,570657.0,625071.0,657148.0,668533.0,725117.0,765183.0,791155.0,827339.0,889486.0,902534.0,985416.0
Kota Subulussalam,238423.0,240118.0,241189.0,242054.0,244628.0,250408.0,273370.0,315453.0,351093.0,400517.0,418643.0,444818.0,487777.0,504372.0,514372.0
Kota Sukabumi,334735.0,370633.0,380856.0,395131.0,421908.0,441948.0,470133.0,497995.0,520742.0,547415.0,567734.0,594118.0,644276.0,678258.0,706415.0
Kota Sungai Penuh,233934.0,253297.0,274586.0,287101.0,295969.0,317556.0,334856.0,351391.0,373673.0,401966.0,426380.0,450708.0,491568.0,610141.0,622995.0
Kota Surabaya,310074.0,339208.0,372511.0,393151.0,418930.0,438283.0,474365.0,530178.0,567474.0,592137.0,611466.0,652540.0,718370.0,742678.0,775597.0
Kota Surakarta,326233.0,361517.0,371918.0,385467.0,406840.0,430293.0,448062.0,464063.0,473516.0,487445.0,511216.0,538441.0,600953.0,638102.0,678315.0
Kota Tangerang,337543.0,365205.0,398513.0,421554.0,455228.0,496349.0,508551.0,556782.0,584318.0,632835.0,655061.0,695225.0,746468.0,785113.0,838535.0
Kota Tangerang Selatan,317887.0,344681.0,378303.0,401696.0,433967.0,472968.0,494784.0,549150.0,593781.0,643083.0,665610.0,712717.0,782543.0,828278.0,864323.0
Kota Tanjung Balai,285814.0,295600.0,306029.0,311787.0,322324.0,345900.0,374442.0,397647.0,421671.0,444125.0,482602.0,515456.0,554065.0,592573.0,619558.0
Kota Tanjung Pinang,487633.0,496184.0,498800.0,514741.0,542857.0,582414.0,598631.0,625473.0,659170.0,691738.0,719776.0,764410.0,771584.0,798218.0,842147.0
Kota Tarakan,365104.0,391123.0,422050.0,443192.0,485447.0,519774.0,572213.0,613593.0,654308.0,696585.0,711268.0,773446.0,819621.0,854967.0,889483.0
Kota Tasikmalaya,293985.0,317037.0,337841.0,351718.0,367673.0,397215.0,416837.0,447008.0,457899.0,470150.0,480341.0,498711.0,537497.0,565377.0,591600.0
Kota Tebing Tinggi,313566.0,326311.0,337049.0,342964.0,355621.0,383650.0,415307.0,426469.0,460533.0,493227.0,536531.0,578512.0,623531.0,665016.0,691270.0
Kota Tegal,280349.0,305818.0,333553.0,353301.0,371528.0,395631.0,418845.0,455488.0,465047.0,502031.0,523413.0,565826.0,623617.0,664922.0,702113.0
Kota Ternate,361752.0,392362.0,418472.0,434061.0,459551.0,489810.0,514396.0,537524.0,578185.0,595553.0,629463.0,661459.0,668074.0,701354.0,753052.0
Kota Tidore Kepulauan,278302.0,295722.0,314328.0,325399.0,340912.0,368796.0,387307.0,404721.0,435277.0,448352.0,472651.0,484983.0,540752.0,581193.0,643293.0
Kota Tomohon,275723.0,281359.0,285307.0,287381.0,313236.0,336266.0,354635.0,363856.0,394584.0,422746.0,440680.0,461424.0,508251.0,530321.0,573165.0
Kota Tual,247343.0,269265.0,291769.0,297378.0,328247.0,345670.0,372731.0,510231.0,535425.0,574105.0,600172.0,640542.0,722498.0,746967.0,777956.0
Kota Yogyakarta,314311.0,333232.0,353602.0,366520.0,383966.0,401193.0,423815.0,467061.0,495562.0,533423.0,556674.0,601905.0,662267.0,686973.0,729196.0
Kotawaringin Barat,253549.0,263840.0,273467.0,279080.0,293436.0,319064.0,338230.0,344337.0,360942.0,397883.0,418388.0,476297.0,513949.0,536747.0,558961.0
Kotawaringin Timur,261807.0,281887.0,300929.0,312363.0,325234.0,353640.0,381776.0,393474.0,416777.0,446039.0,467551.0,510290.0,547170.0,572827.0,596118.0
Kuantan Singingi,352245.0,371530.0,378811.0,422691.0,441315.0,468199.0,497747.0,521591.0,545403.0,580453.0,599163.0,638678.0,693493.0,736050.0,751174.0
Kubu Raya,227635.0,247828.0,269835.0,286612.0,305859.0,329511.0,359461.0,377302.0,401586.0,423430.0,431211.0,457367.0,492642.0,511815.0,539656.0
Kudus,256745.0,276317.0,299097.0,314211.0,328404.0,356951.0,373224.0,393078.0,406470.0,429666.0,450992.0,482806.0,520830.0,550075.0,576195.0
Kulon Progo,240301.0,250854.0,259945.0,265575.0,273436.0,297353.0,312403.0,323105.0,333781.0,353807.0,360202.0,381666.0,416870.0,438007.0,452717.0
Kuningan,230251.0,245476.0,261858.0,271015.0,276154.0,289901.0,302061.0,332483.0,340775.0,352358.0,358069.0,371665.0,402767.0,420867.0,435184.0
Kupang,209955.0,230896.0,252934.0,264554.0,282496.0,309208.0,325677.0,336984.0,356463.0,379600.0,386577.0,425750.0,471901.0,486458.0,504863.0
Kutai Barat,312192.0,337366.0,364224.0,385008.0,410307.0,447311.0,485551.0,517621.0,542393.0,583532.0,598037.0,635478.0,679660.0,716440.0,738206.0
Kutai Kartanegara,309604.0,334248.0,362637.0,371791.0,389195.0,424717.0,450581.0,485435.0,503968.0,548423.0,569640.0,605321.0,644570.0,682490.0,705397.0
Kutai Timur,339905.0,364353.0,397482.0,408224.0,431328.0,470228.0,512345.0,543442.0,569449.0,610858.0,626492.0,659136.0,714241.0,753332.0,773239.0
Labuhan Batu,268435.0,276206.0,285004.0,289625.0,298650.0,333144.0,352622.0,368357.0,389402.0,425035.0,457021.0,489503.0,524240.0,556900.0,575408.0
Labuhan Batu Selatan,274852.0,283830.0,290734.0,294334.0,304632.0,330874.0,346305.0,355517.0,368205.0,404819.0,426574.0,448994.0,486275.0,533535.0,550141.0
Labuhan Batu Utara,294794.0,306764.0,316418.0,321487.0,332815.0,361017.0,378024.0,395696.0,422063.0,471678.0,497922.0,527922.0,573783.0,607292.0,629870.0
Lahat,284987.0,298824.0,313687.0,320716.0,332943.0,369359.0,385525.0,419658.0,428309.0,457569.0,485142.0,513085.0,547203.0,582041.0,606881.0
Lamandau,262727.0,286001.0,312204.0,328293.0,350294.0,380888.0,409912.0,411088.0,430656.0,479514.0,539744.0,588591.0,634710.0,673768.0,701587.0
Lamongan,242441.0,260787.0,279166.0,289403.0,303780.0,321002.0,335783.0,360444.0,380220.0,397980.0,419309.0,446601.0,481969.0,524636.0,543475.0
Lampung Barat,269670.0,291106.0,310126.0,320724.0,335500.0,371926.0,382576.0,391444.0,400662.0,443313.0,457478.0,495283.0,530803.0,563531.0,590143.0
Lampung Selatan,256153.0,274401.0,295601.0,307546.0,319448.0,346457.0,360594.0,375868.0,389236.0,422328.0,439421.0,470857.0,508494.0,528226.0,554969.0
Lampung Tengah,271262.0,291445.0,313940.0,326613.0,336449.0,362475.0,373980.0,385132.0,394338.0,436777.0,450232.0,474289.0,503645.0,526313.0,553397.0
Lampung Timur,257284.0,273574.0,291405.0,301339.0,307944.0,331765.0,342295.0,352173.0,360610.0,398298.0,411200.0,433965.0,465856.0,497183.0,522287.0
Lampung Utara,274291.0,296178.0,322835.0,338032.0,346393.0,369628.0,379962.0,390927.0,400248.0,441045.0,451876.0,475290.0,510098.0,544994.0,573039.0
Landak,217071.0,233870.0,252336.0,277718.0,287822.0,300123.0,320600.0,351942.0,374117.0,385314.0,395486.0,414536.0,451681.0,473797.0,497262.0
Langkat,270518.0,279103.0,289396.0,294175.0,304825.0,348205.0,364517.0,382536.0,392050.0,412422.0,432371.0,453383.0,483543.0,507996.0,528073.0
Lanny Jaya,291230.0,313959.0,338536.0,351597.0,383166.0,405347.0,446061.0,451802.0,464328.0,490508.0,537322.0,564670.0,625677.0,816044.0,1019014.0
Lebak,197985.0,205787.0,214047.0,219177.0,228146.0,246389.0,261880.0,283901.0,298201.0,334509.0,358479.0,380681.0,419066.0,440705.0,455831.0
Lebong,254112.0,269282.0,286581.0,298264.0,308004.0,339045.0,362700.0,389973.0,404368.0,424637.0,440127.0,472738.0,507046.0,532432.0,540904.0
Lembata,222607.0,244523.0,267510.0,282591.0,288970.0,309992.0,335693.0,353957.0,359792.0,388577.0,421901.0,464542.0,508575.0,517948.0,538773.0
Lima Puluh Kota,266277.0,282028.0,300037.0,311404.0,314949.0,357824.0,370506.0,388689.0,403030.0,451295.0,475123.0,504670.0,553068.0,582794.0,593402.0
Lingga,326239.0,331881.0,338049.0,342359.0,354916.0,387244.0,395089.0,411387.0,429764.0,472384.0,484088.0,507223.0,540936.0,562906.0,596564.0
Lombok Barat,270677.0,290687.0,313632.0,328402.0,353667.0,375684.0,390979.0,412487.0,431862.0,439595.0,466495.0,503509.0,546421.0,576478.0,594141.0
Lombok Tengah,267142.0,285665.0,306311.0,319518.0,335286.0,357337.0,369645.0,386676.0,404633.0,421439.0,447200.0,480657.0,520852.0,549400.0,568910.0
Lombok Timur,278118.0,298796.0,321249.0,335651.0,359235.0,382861.0,396668.0,414721.0,430727.0,447263.0,472304.0,503525.0,546404.0,583957.0,602564.0
Lombok Utara,287307.0,308588.0,332073.0,347150.0,363367.0,387265.0,398702.0,416705.0,437543.0,451721.0,478906.0,514755.0,556462.0,594789.0,611125.0
Lumajang,202773.0,215326.0,228796.0,234728.0,245806.0,258840.0,267366.0,281461.0,296633.0,318196.0,334906.0,352776.0,386995.0,405136.0,420165.0
Luwu,207841.0,218051.0,229799.0,239157.0,252549.0,271804.0,281195.0,305722.0,318911.0,347539.0,359925.0,381015.0,414118.0,433898.0,447602.0
Luwu Timur,208089.0,219785.0,231447.0,240729.0,254957.0,277520.0,289214.0,315478.0,333739.0,350576.0,371947.0,394158.0,438178.0,460356.0,469563.0
Luwu Utara,215419.0,227108.0,240721.0,251627.0,265822.0,288081.0,299339.0,329967.0,342277.0,354669.0,368716.0,382251.0,414548.0,431980.0,441412.0
Madiun,224713.0,240798.0,256567.0,265310.0,277092.0,294451.0,306769.0,327536.0,344994.0,364638.0,380287.0,405127.0,437296.0,460205.0,476506.0
Magelang,204430.0,218950.0,235430.0,246292.0,253866.0,271800.0,281237.0,296327.0,325921.0,342430.0,353608.0,377497.0,411129.0,431289.0,454591.0
Magetan,221951.0,236801.0,253040.0,262069.0,272972.0,288246.0,297874.0,319909.0,336989.0,354936.0,371182.0,396696.0,431203.0,455119.0,470409.0
Mahakam Ulu,449981.0,449981.0,449981.0,449981.0,449981.0,490563.0,534502.0,566944.0,588756.0,631517.0,644910.0,684644.0,740683.0,792742.0,812492.0
Majalengka,300741.0,326962.0,353727.0,368900.0,379354.0,393071.0,409559.0,440776.0,445184.0,453201.0,466813.0,483319.0,520713.0,547912.0,566574.0
Majene,227827.0,245452.0,263402.0,278049.0,290568.0,320726.0,335248.0,349522.0,360362.0,384344.0,399350.0,433111.0,461255.0,482173.0,511028.0
Malaka,279799.0,279799.0,279799.0,279799.0,279799.0,302584.0,321052.0,330899.0,348919.0,371812.0,378824.0,419292.0,458399.0,474853.0,494018.0
Malang,215605.0,229619.0,245120.0,254380.0,265629.0,282933.0,294904.0,314550.0,329512.0,338156.0,348695.0,367579.0,399647.0,420334.0,436153.0
Malinau,360485.0,393652.0,428015.0,448944.0,473906.0,516247.0,528287.0,539742.0,585654.0,616161.0,650444.0,692605.0,749933.0,791037.0,821188.0
Maluku Barat Daya,247531.0,270629.0,289248.0,298825.0,329863.0,352004.0,374816.0,441211.0,468842.0,521899.0,535594.0,586021.0,658036.0,686428.0,719253.0
Maluku Tengah,296602.0,326126.0,355246.0,362542.0,391011.0,405118.0,424632.0,431512.0,474224.0,503800.0,515582.0,542782.0,589125.0,614323.0,643104.0
Maluku Tenggara,240267.0,264629.0,292513.0,299603.0,331518.0,350661.0,373386.0,436927.0,464649.0,517821.0,549047.0,595041.0,669140.0,695738.0,728291.0
Maluku Tenggara Barat,227729.0,246452.0,269495.0,275291.0,301424.0,319120.0,339801.0,398729.0,423823.0,479402.0,506106.0,546300.0,615768.0,645956.0,682859.0
Mamasa,175919.0,186532.0,197930.0,207126.0,213369.0,226202.0,239112.0,249103.0,256544.0,273513.0,283758.0,312206.0,329768.0,347008.0,367511.0
Mamberamo Raya,368891.0,428716.0,498326.0,538203.0,569859.0,591595.0,658412.0,666886.0,683779.0,727830.0,769848.0,803286.0,834564.0,861147.0,905387.0
Mamberamo Tengah,255346.0,273978.0,289262.0,297215.0,316341.0,336736.0,370978.0,375753.0,388619.0,412574.0,449409.0,475436.0,526584.0,713489.0,901904.0
Mamuju,165733.0,175907.0,187013.0,195991.0,202167.0,223150.0,241616.0,252429.0,259969.0,277078.0,287896.0,319586.0,340795.0,356903.0,378196.0
Mamuju Tengah,203120.0,203120.0,203120.0,203120.0,203120.0,215769.0,226559.0,236699.0,239592.0,255440.0,265413.0,290030.0,309227.0,324888.0,344125.0
Mamuju Utara,222649.0,241141.0,262374.0,279940.0,294156.0,312474.0,328100.0,330226.0,332145.0,354115.0,367941.0,404318.0,432269.0,453038.0,477892.0
Mandailing Natal,251916.0,259295.0,265043.0,268034.0,280506.0,304669.0,319777.0,336820.0,356058.0,400721.0,423017.0,450345.0,487436.0,519553.0,537240.0
Manggarai,207904.0,226613.0,246366.0,259244.0,264012.0,283439.0,306419.0,311833.0,316910.0,340633.0,371531.0,407261.0,443908.0,454625.0,472888.0
Manggarai Barat,205756.0,224694.0,245425.0,259004.0,263746.0,282412.0,304277.0,313380.0,318546.0,340094.0,370943.0,405746.0,444474.0,458834.0,477226.0
Manggarai Timur,205486.0,224394.0,245077.0,258623.0,260411.0,276703.0,299530.0,313593.0,318762.0,344642.0,373972.0,411670.0,446504.0,458116.0,485247.0
Manokwari,420037.0,454578.0,475559.0,497067.0,502049.0,517296.0,547494.0,575114.0,629074.0,651032.0,663438.0,690028.0,752635.0,802749.0,849546.0
Manokwari Selatan,506558.0,506558.0,506558.0,506558.0,506558.0,525241.0,557907.0,578734.0,635595.0,678494.0,686235.0,702674.0,719773.0,734246.0,771161.0
Mappi,210576.0,225031.0,240527.0,248690.0,260880.0,273699.0,300400.0,301237.0,330427.0,351801.0,375922.0,402212.0,427352.0,480727.0,513706.0
Maros,245473.0,262064.0,278520.0,286937.0,307717.0,336579.0,348726.0,376749.0,405944.0,414324.0,424637.0,450275.0,510040.0,530070.0,560172.0
Maybrat,261830.0,272202.0,283440.0,289229.0,292468.0,300860.0,319571.0,335912.0,359500.0,383715.0,396386.0,479977.0,515069.0,565725.0,591993.0
Melawi,296060.0,330611.0,340889.0,378309.0,408635.0,431660.0,461462.0,509138.0,534933.0,550535.0,570434.0,602209.0,640608.0,666972.0,682632.0
Mempawah,206338.0,222737.0,240081.0,253170.0,268242.0,292129.0,318682.0,337350.0,360962.0,379808.0,387948.0,414334.0,444790.0,471845.0,494531.0
Merangin,250873.0,263934.0,284393.0,296348.0,310997.0,325181.0,347523.0,374250.0,406466.0,440156.0,453696.0,489880.0,537492.0,617011.0,629000.0
Merauke,241904.0,253987.0,261300.0,275008.0,294257.0,310420.0,342842.0,345965.0,346502.0,366296.0,387443.0,408710.0,434596.0,484224.0,517764.0
Mesuji,256185.0,274492.0,296102.0,308295.0,328859.0,353477.0,360105.0,370497.0,382020.0,423133.0,436653.0,459977.0,525183.0,555729.0,584306.0
Mimika,418426.0,463700.0,510154.0,535342.0,597620.0,634370.0,684282.0,762184.0,836301.0,870355.0,936862.0,1002327.0,1056252.0,1099143.0,1166466.0
Minahasa,210644.0,212930.0,216181.0,217891.0,234223.0,249736.0,255535.0,261388.0,275444.0,285596.0,299072.0,308634.0,338802.0,352693.0,385934.0
Minahasa Selatan,238976.0,241482.0,244813.0,246563.0,262940.0,283561.0,296600.0,303738.0,324860.0,336715.0,352603.0,365119.0,394739.0,435428.0,461640.0
Minahasa Tenggara,250591.0,253827.0,257210.0,258986.0,277491.0,285791.0,298736.0,305919.0,325896.0,332966.0,346746.0,356988.0,385636.0,402654.0,426987.0
Minahasa Utara,235437.0,238293.0,241801.0,243645.0,261951.0,282494.0,294308.0,300764.0,321679.0,333535.0,347938.0,362428.0,391699.0,427412.0,453321.0
Mojokerto,240502.0,259583.0,280779.0,293609.0,311022.0,330940.0,345487.0,370610.0,394003.0,406043.0,417784.0,445608.0,486520.0,508618.0,526397.0
Morowali,267895.0,292817.0,316400.0,335484.0,343269.0,379001.0,381753.0,402292.0,428744.0,463140.0,478409.0,507523.0,553185.0,590027.0,603022.0
Morowali Utara,347848.0,347848.0,347848.0,347848.0,347848.0,379736.0,392811.0,412942.0,441554.0,474170.0,486511.0,519441.0,556204.0,594137.0,609792.0
Muara Enim,250892.0,262718.0,275302.0,281242.0,294595.0,316729.0,331554.0,353012.0,367761.0,390342.0,405782.0,426216.0,467396.0,491107.0,512439.0
Muaro Jambi,217659.0,225169.0,233773.0,238617.0,245123.0,255918.0,295983.0,353583.0,375372.0,409104.0,425294.0,462035.0,535244.0,617948.0,633575.0
Mukomuko,271057.0,288004.0,307670.0,321002.0,333767.0,365084.0,388823.0,411795.0,426737.0,448127.0,464473.0,494426.0,534660.0,566069.0,575283.0
Muna,242392.0,247928.0,253043.0,253795.0,269838.0,289049.0,296383.0,314928.0,342948.0,358333.0,368922.0,387114.0,419071.0,434750.0,451345.0
Muna Barat,287403.0,287403.0,287403.0,287403.0,287403.0,287403.0,297787.0,315009.0,342811.0,357477.0,367868.0,382129.0,412697.0,428282.0,451711.0
Murung Raya,291433.0,320856.0,328986.0,364994.0,378062.0,402682.0,421903.0,442639.0,462334.0,492693.0,510939.0,550105.0,607650.0,646759.0,673423.0
Musi Banyuasin,309212.0,325165.0,347046.0,357567.0,381154.0,412591.0,430771.0,466822.0,486476.0,519797.0,537774.0,566393.0,593258.0,594355.0,627094.0
Musi Rawas,293582.0,310366.0,326798.0,334592.0,342956.0,377135.0,392740.0,427595.0,437854.0,467766.0,493675.0,524110.0,564151.0,589926.0,616298.0
Musi Rawas Utara,358721.0,358721.0,358721.0,358721.0,358721.0,401205.0,417805.0,456844.0,470485.0,504598.0,532273.0,565070.0,604903.0,638089.0,666294.0
Nabire,357820.0,391024.0,423864.0,441408.0,486456.0,520951.0,575361.0,579470.0,579753.0,612872.0,665325.0,705953.0,771751.0,833652.0,884601.0
Nagan Raya,346154.0,349550.0,353231.0,356221.0,361359.0,374236.0,400811.0,426827.0,446144.0,493121.0,508801.0,544300.0,594374.0,635820.0,642820.0
Nagekeo,204579.0,227049.0,252083.0,268750.0,274620.0,292032.0,316717.0,323316.0,328646.0,353481.0,386027.0,422982.0,472041.0,487814.0,516140.0
Natuna,253491.0,258596.0,264855.0,267150.0,276828.0,302043.0,332248.0,362519.0,378573.0,408164.0,420503.0,449302.0,480103.0,501927.0,555293.0
Nduga,235346.0,228045.0,235439.0,239201.0,239201.0,296287.0,327233.0,331445.0,341566.0,360779.0,392990.0,420185.0,475682.0,654456.0,837239.0
Ngada,206842.0,226815.0,248760.0,263194.0,271299.0,291602.0,315778.0,331266.0,336601.0,363531.0,396506.0,435916.0,477840.0,489139.0,510269.0
Nganjuk,253819.0,273260.0,295806.0,308506.0,322820.0,341653.0,358216.0,388186.0,408160.0,428882.0,446232.0,474429.0,513565.0,539714.0,561807.0
Ngawi,208220.0,220560.0,233596.0,240780.0,250008.0,264706.0,277539.0,301158.0,325235.0,342556.0,358663.0,382301.0,413947.0,445865.0,459551.0
Nias,262560.0,270219.0,276654.0,280008.0,287527.0,330111.0,346374.0,353141.0,361698.0,405355.0,428739.0,454570.0,485533.0,520024.0,541016.0
Nias Barat,276877.0,285661.0,294770.0,299555.0,307907.0,352570.0,361397.0,386431.0,393450.0,433249.0,458533.0,487469.0,520543.0,556919.0,564416.0
Nias Selatan,204057.0,208757.0,213412.0,215835.0,220455.0,238119.0,249225.0,261104.0,279468.0,312453.0,329308.0,350452.0,379929.0,406429.0,428859.0
Nias Utara,287280.0,297101.0,309886.0,316674.0,326303.0,370371.0,381696.0,383552.0,390564.0,429836.0,455118.0,474533.0,501443.0,535575.0,551434.0
Nunukan,260990.0,278578.0,304856.0,312412.0,327515.0,351479.0,377736.0,403045.0,430630.0,450718.0,479712.0,519231.0,556342.0,597431.0,621290.0
Ogan Ilir,279164.0,295729.0,313725.0,322325.0,338911.0,367067.0,386740.0,416098.0,433616.0,469746.0,492537.0,523864.0,571657.0,589012.0,614656.0
Ogan Komering Ilir,234558.0,244991.0,257481.0,263395.0,274843.0,295852.0,310341.0,333505.0,347121.0,375837.0,393240.0,416417.0,444881.0,473057.0,493783.0
Ogan Komering Ulu,278427.0,292826.0,308219.0,315518.0,328496.0,365341.0,380254.0,415785.0,428200.0,457452.0,481139.0,511887.0,548200.0,563523.0,588225.0
Ogan Komering Ulu Selatan,215919.0,224039.0,235288.0,240610.0,247779.0,273594.0,286157.0,310717.0,319333.0,341148.0,359859.0,379854.0,413228.0,436420.0,456280.0
Ogan Komering Ulu Timur,209022.0,217830.0,227516.0,232073.0,241731.0,274608.0,285970.0,312340.0,321629.0,343601.0,362446.0,383463.0,410548.0,434534.0,453488.0
Pacitan,193180.0,203979.0,215482.0,220810.0,228573.0,239339.0,250942.0,268592.0,283321.0,296271.0,309655.0,327758.0,352606.0,370643.0,386174.0
Padang Lawas,226951.0,233120.0,237735.0,240131.0,247594.0,268922.0,281464.0,310569.0,332350.0,367932.0,388404.0,418610.0,449217.0,483395.0,499761.0
Padang Lawas Utara,229621.0,236084.0,243213.0,246951.0,256219.0,278290.0,291036.0,321076.0,342885.0,380379.0,401435.0,430944.0,467457.0,502403.0,519411.0
Padang Pariaman,276741.0,293457.0,309999.0,320367.0,331676.0,374636.0,385736.0,402960.0,411182.0,455463.0,475342.0,499461.0,548147.0,580392.0,590495.0
Pakpak Bharat,196758.0,201906.0,207796.0,212009.0,217919.0,248835.0,256781.0,283258.0,287654.0,311584.0,332644.0,357844.0,384812.0,412759.0,426571.0
Pamekasan,225878.0,240737.0,256586.0,266953.0,278093.0,292631.0,302431.0,317144.0,332775.0,357074.0,368259.0,392345.0,431127.0,467493.0,482278.0
Pandeglang,209655.0,219592.0,230364.0,237111.0,247073.0,267752.0,285822.0,310859.0,326517.0,361713.0,390754.0,416248.0,455297.0,479886.0,501772.0
Pangandaran,303646.0,303646.0,303646.0,303646.0,303646.0,327399.0,342672.0,360960.0,367748.0,382264.0,394101.0,411174.0,447242.0,470068.0,486285.0
Pangkajene Dan Kepulauan,214736.0,224730.0,235875.0,243054.0,251700.0,256549.0,268367.0,300219.0,322958.0,358061.0,368096.0,389613.0,416815.0,439192.0,471043.0
Paniai,293224.0,311294.0,331280.0,341762.0,388098.0,418520.0,461606.0,465658.0,479877.0,512058.0,556861.0,591595.0,654960.0,711078.0,754356.0
Parigi Moutong,249957.0,269503.0,291697.0,309687.0,318088.0,354554.0,366762.0,388440.0,414380.0,444258.0,458385.0,495623.0,531255.0,553012.0,575644.0
Pasaman,242217.0,252392.0,262825.0,269271.0,272779.0,307552.0,320478.0,334800.0,347153.0,388726.0,408293.0,431915.0,472703.0,515608.0,524533.0
Pasaman Barat,275461.0,292080.0,311657.0,324051.0,329051.0,367159.0,382820.0,402877.0,417742.0,467769.0,492467.0,544829.0,596225.0,657354.0,669360.0
Paser,283921.0,304985.0,329478.0,348444.0,363060.0,395803.0,433823.0,455635.0,477440.0,515414.0,527659.0,556371.0,600332.0,634259.0,663239.0
Pasuruan,238640.0,255822.0,274486.0,283327.0,292281.0,306311.0,315145.0,331057.0,335653.0,355299.0,368686.0,394016.0,429624.0,450088.0,464861.0
Pati,264372.0,288271.0,314609.0,332228.0,347575.0,377442.0,393817.0,414316.0,423922.0,445913.0,458616.0,486855.0,532545.0,559499.0,598600.0
Pegunungan Arfak,530286.0,530286.0,530286.0,530286.0,530286.0,552153.0,586493.0,589168.0,628281.0,670687.0,683722.0,706497.0,723662.0,738135.0,785149.0
Pegunungan Bintang,319795.0,340483.0,362626.0,374249.0,405665.0,431818.0,455819.0,511229.0,560354.0,580393.0,632210.0,692059.0,766275.0,917115.0,1132178.0
Pekalongan,249958.0,270026.0,293039.0,306281.0,317796.0,341648.0,354435.0,361297.0,382832.0,403662.0,416779.0,441765.0,480934.0,505520.0,538371.0
Pelalawan,374611.0,398742.0,406420.0,438949.0,451528.0,473240.0,487648.0,515581.0,534078.0,585728.0,618738.0,655641.0,689786.0,729977.0,741594.0
Pemalang,235316.0,251986.0,271861.0,287358.0,298622.0,319434.0,331584.0,351183.0,372115.0,389209.0,401857.0,429549.0,467204.0,493593.0,530254.0
Penajam Paser Utara,295854.0,314917.0,333861.0,341499.0,360245.0,391083.0,426111.0,447539.0,466918.0,499807.0,513666.0,538022.0,583239.0,617673.0,633181.0
Penukal Abab Lematang Ilir,298117.0,298117.0,298117.0,298117.0,298117.0,330907.0,346448.0,377160.0,388208.0,412236.0,435379.0,458746.0,487341.0,503822.0,530583.0
Pesawaran,251723.0,267475.0,284897.0,294603.0,305540.0,330874.0,347215.0,360909.0,372649.0,403441.0,420032.0,452521.0,491249.0,524588.0,551469.0
Pesisir Barat,342310.0,342310.0,342310.0,342310.0,342310.0,371724.0,390885.0,393302.0,407290.0,441917.0,460090.0,496629.0,545538.0,566040.0,596941.0
Pesisir Selatan,268226.0,286621.0,308472.0,322425.0,333243.0,366228.0,390955.0,409882.0,431817.0,467743.0,491573.0,526564.0,554057.0,589787.0,600161.0
Pidie,355618.0,359367.0,361707.0,363791.0,374031.0,393370.0,408150.0,435873.0,462059.0,493145.0,504452.0,535713.0,579450.0,607117.0,618445.0
Pidie Jaya,365477.0,369440.0,373497.0,376795.0,380371.0,399377.0,429966.0,448201.0,455995.0,481308.0,495254.0,523239.0,572452.0,599755.0,610755.0
Pinrang,197445.0,207073.0,221717.0,228150.0,234897.0,250163.0,256054.0,280746.0,294349.0,336346.0,345892.0,366808.0,400091.0,414198.0,426624.0
Pohuwato,210033.0,211204.0,212629.0,214146.0,222996.0,238364.0,247476.0,263617.0,275240.0,309174.0,327587.0,345924.0,370530.0,391236.0,427572.0
Polewali Mandar,238104.0,258660.0,277609.0,293073.0,305462.0,337138.0,351856.0,366355.0,376827.0,401057.0,416443.0,452836.0,482658.0,507347.0,525705.0
Ponorogo,210411.0,224186.0,239963.0,247368.0,251525.0,266312.0,279168.0,297467.0,313175.0,326205.0,341090.0,362461.0,395069.0,413619.0,428183.0
Poso,286000.0,312764.0,343385.0,368562.0,378190.0,416003.0,429161.0,449834.0,477801.0,515435.0,530022.0,561276.0,599881.0,620267.0,632147.0
Pringsewu,269212.0,291712.0,315779.0,329405.0,350883.0,379279.0,398830.0,408174.0,422691.0,458627.0,475983.0,511679.0,555787.0,583425.0,613173.0
Probolinggo,280101.0,303447.0,328407.0,340539.0,355051.0,373569.0,384343.0,402532.0,417991.0,441258.0,451395.0,475713.0,514274.0,537724.0,545221.0
Pulang Pisau,255595.0,275940.0,294250.0,308323.0,314673.0,335165.0,347878.0,349978.0,365674.0,395989.0,411258.0,454933.0,507058.0,542349.0,564867.0
Pulau Morotai,183270.0,191302.0,200015.0,205115.0,211627.0,229343.0,236532.0,249242.0,265761.0,276746.0,291879.0,301712.0,379931.0,428136.0,494261.0
Pulau Taliabu,286373.0,286373.0,286373.0,286373.0,286373.0,331968.0,342401.0,360955.0,387664.0,401710.0,425241.0,448735.0,491203.0,525953.0,574242.0
Puncak,363223.0,397897.0,438789.0,461014.0,517396.0,545506.0,602481.0,611369.0,630074.0,664865.0,721541.0,754778.0,836828.0,888666.0,943351.0
Puncak Jaya,358876.0,389094.0,428465.0,449832.0,497583.0,526756.0,581537.0,589022.0,604945.0,639503.0,708658.0,744762.0,823079.0,879631.0,933545.0
Purbalingga,230461.0,247508.0,265262.0,275022.0,283366.0,301862.0,313343.0,324735.0,355702.0,375199.0,384183.0,407849.0,439208.0,460870.0,491091.0
Purwakarta,236314.0,251132.0,271270.0,281524.0,296477.0,312499.0,325607.0,352061.0,367273.0,378287.0,387754.0,403663.0,434187.0,467948.0,483968.0
Purworejo,235459.0,254314.0,273481.0,284409.0,294158.0,313931.0,325871.0,335995.0,345458.0,364289.0,376127.0,393731.0,427622.0,459253.0,496812.0
Raja Ampat,251215.0,261440.0,273436.0,279642.0,282739.0,305019.0,317416.0,326050.0,347203.0,374488.0,388021.0,464797.0,557107.0,629473.0,658931.0
Rejang Lebong,284729.0,299903.0,320366.0,334237.0,346981.0,382027.0,408680.0,434643.0,449999.0,472555.0,487490.0,530029.0,566433.0,595125.0,604697.0
Rembang,240859.0,261156.0,284160.0,299503.0,314596.0,338986.0,354440.0,365443.0,384561.0,403932.0,414977.0,441482.0,477514.0,518607.0,550265.0
Rokan Hilir,270412.0,282767.0,296770.0,308248.0,317220.0,345953.0,367338.0,371067.0,388701.0,418473.0,437398.0,465614.0,511610.0,545799.0,559703.0
Rokan Hulu,329674.0,343274.0,358295.0,370540.0,384226.0,420884.0,446901.0,467343.0,488401.0,532643.0,551351.0,585225.0,647599.0,699018.0,712867.0
Rote Ndao,201152.0,217777.0,235613.0,244901.0,255551.0,279079.0,283704.0,287867.0,305166.0,322619.0,341135.0,372179.0,410491.0,426843.0,443901.0
Sabu Raijua,226632.0,250626.0,277403.0,291669.0,310381.0,332332.0,354983.0,368187.0,374256.0,403846.0,438492.0,480844.0,526831.0,549947.0,571961.0
Sambas,232581.0,253410.0,278704.0,314144.0,329993.0,345066.0,369202.0,407346.0,427240.0,438062.0,451173.0,472079.0,498209.0,528017.0,542366.0
Samosir,220103.0,225827.0,228767.0,235355.0,242263.0,271619.0,287857.0,299640.0,315825.0,341843.0,370082.0,396267.0,425875.0,455397.0,473942.0
Sampang,229414.0,245299.0,261972.0,272900.0,284928.0,296268.0,307606.0,325825.0,346075.0,374908.0,391032.0,411661.0,454716.0,491753.0,504557.0
Sanggau,191732.0,206445.0,222877.0,235298.0,250928.0,265067.0,283608.0,312909.0,328763.0,346983.0,363714.0,395305.0,416112.0,440303.0,460246.0
Sarmi,280100.0,305217.0,333493.0,348720.0,377926.0,399291.0,421484.0,472720.0,518491.0,535586.0,554491.0,584626.0,633124.0,653436.0,686762.0
Sarolangun,309212.0,330543.0,336577.0,363909.0,370205.0,386460.0,393344.0,403411.0,424223.0,459092.0,472866.0,497951.0,545939.0,607306.0,625401.0
Sekadau,197747.0,214316.0,229464.0,240819.0,256452.0,269324.0,288162.0,313930.0,329835.0,339456.0,351726.0,370836.0,392195.0,414782.0,437854.0
Seluma,256257.0,270495.0,284599.0,294016.0,303713.0,332483.0,355680.0,377647.0,386321.0,400090.0,414446.0,444931.0,478617.0,502739.0,513037.0
Semarang,227471.0,244762.0,263352.0,275612.0,286918.0,307505.0,317935.0,341576.0,377674.0,404455.0,416395.0,459151.0,498952.0,520639.0,558501.0
Seram Bagian Barat,247446.0,270264.0,295465.0,301802.0,320963.0,334729.0,350853.0,359085.0,394628.0,419793.0,427355.0,449297.0,486747.0,508517.0,554140.0
Seram Bagian Timur,243687.0,264966.0,287989.0,293745.0,311770.0,319266.0,334645.0,341261.0,375040.0,398430.0,403573.0,421902.0,458176.0,478721.0,524878.0
Serang,204788.0,211846.0,218862.0,223190.0,232856.0,256660.0,269652.0,294829.0,309036.0,341074.0,362102.0,385864.0,425751.0,449291.0,461388.0
Serdang Bedagai,272763.0,281518.0,288126.0,291732.0,301639.0,336478.0,350892.0,361623.0,382283.0,416991.0,448372.0,478072.0,503955.0,518209.0,535422.0
Seruyan,268421.0,292912.0,321392.0,338969.0,357090.0,387592.0,415798.0,428539.0,454971.0,504264.0,529892.0,571049.0,608186.0,642281.0,668687.0
Siak,299609.0,316774.0,336671.0,351610.0,363879.0,391039.0,414501.0,431814.0,443868.0,473128.0,489467.0,518768.0,558867.0,595659.0,607601.0
Siau Tagulandang Biaro,227916.0,230592.0,231807.0,234440.0,245388.0,264632.0,276800.0,284021.0,302736.0,312581.0,327263.0,339250.0,370423.0,388056.0,415648.0
Sidenreng Rappang,204705.0,219715.0,235406.0,242303.0,255135.0,271301.0,276558.0,299332.0,312800.0,349452.0,360591.0,383134.0,421321.0,458509.0,472303.0
Sidoarjo,277776.0,301675.0,329946.0,346538.0,371947.0,394401.0,414479.0,437899.0,462738.0,486421.0,502524.0,523213.0,571696.0,597284.0,617911.0
Sigi,206933.0,220813.0,235599.0,247413.0,251721.0,283227.0,299261.0,316949.0,344631.0,370788.0,382579.0,409679.0,445106.0,463011.0,474669.0
Sijunjung,259890.0,274664.0,290564.0,300544.0,309209.0,344153.0,365074.0,379046.0,400861.0,433147.0,455346.0,484572.0,529460.0,565067.0,574991.0
Sikka,196081.0,213233.0,231250.0,242968.0,247641.0,266257.0,288332.0,298357.0,301994.0,324775.0,354234.0,389455.0,428352.0,434074.0,447472.0
Simalungun,256591.0,262796.0,270588.0,274867.0,283234.0,315947.0,331860.0,342477.0,359540.0,387549.0,416714.0,441744.0,467926.0,496959.0,513793.0
Simeulue,300467.0,303138.0,305600.0,307596.0,311351.0,326563.0,350622.0,368068.0,404739.0,444754.0,458896.0,493303.0,538693.0,576505.0,586505.0
Sinjai,195667.0,204253.0,215481.0,222751.0,231732.0,240245.0,250551.0,281301.0,294916.0,329819.0,352490.0,374226.0,397562.0,412441.0,426191.0
Sintang,288409.0,319886.0,358693.0,389160.0,421877.0,446381.0,477604.0,551704.0,556885.0,573128.0,593844.0,620670.0,644010.0,670853.0,684401.0
Situbondo,211262.0,225582.0,240085.0,246483.0,254656.0,270406.0,276924.0,294209.0,305280.0,322527.0,336040.0,356133.0,396587.0,413611.0,428100.0
Sleman,267107.0,281644.0,297170.0,306961.0,318312.0,334406.0,351331.0,370127.0,382868.0,411610.0,422933.0,450763.0,491652.0,513926.0,534300.0
Solok,279674.0,296812.0,316756.0,329385.0,339088.0,376748.0,400887.0,408570.0,415649.0,451906.0,461030.0,484358.0,532900.0,569605.0,579500.0
Solok Selatan,235630.0,252010.0,268902.0,279597.0,292292.0,326733.0,347667.0,364498.0,387438.0,419442.0,438187.0,470090.0,516004.0,551340.0,558817.0
Soppeng,188257.0,195722.0,202666.0,207084.0,213164.0,220192.0,225936.0,253457.0,297546.0,315455.0,341484.0,365650.0,398802.0,411958.0,441117.0
Sorong,254810.0,265868.0,279725.0,286937.0,290375.0,316088.0,329106.0,339187.0,357900.0,379951.0,388166.0,466380.0,559363.0,631729.0,661253.0
Sorong Selatan,236827.0,245904.0,255932.0,261095.0,263877.0,286318.0,297684.0,306803.0,323369.0,347898.0,358864.0,422694.0,506944.0,579310.0,606474.0
Sragen,222267.0,234254.0,247495.0,255550.0,263199.0,283649.0,292544.0,312106.0,335334.0,348890.0,363349.0,389265.0,426482.0,453663.0,482828.0
Subang,243311.0,257543.0,272854.0,280501.0,295174.0,303583.0,316317.0,331557.0,339607.0,351885.0,360691.0,372308.0,404320.0,434161.0,449186.0
Sukabumi,214191.0,227741.0,240188.0,247800.0,260068.0,270055.0,284603.0,302213.0,309676.0,328284.0,342094.0,357636.0,392705.0,416751.0,431785.0
Sukamara,287692.0,315574.0,344545.0,362337.0,384739.0,418026.0,427101.0,442086.0,469353.0,522601.0,568578.0,619116.0,648534.0,676781.0,704449.0
Sukoharjo,240711.0,259184.0,279400.0,291949.0,303030.0,327217.0,337037.0,345363.0,377319.0,393776.0,410273.0,434318.0,476675.0,501693.0,536779.0
Sumba Barat,219135.0,238202.0,257372.0,269793.0,274779.0,290944.0,315066.0,326334.0,331713.0,358252.0,364361.0,395592.0,422382.0,441428.0,460702.0
Sumba Barat Daya,227436.0,249895.0,272036.0,286490.0,287622.0,313705.0,338742.0,350906.0,355252.0,383674.0,390217.0,432375.0,475879.0,494229.0,513816.0
Sumba Tengah,184100.0,199198.0,216218.0,227297.0,233078.0,250589.0,271365.0,280425.0,285048.0,307853.0,311199.0,341513.0,362089.0,381760.0,397817.0
Sumba Timur,224545.0,245413.0,260247.0,269680.0,274969.0,295684.0,320199.0,331295.0,343589.0,370487.0,375859.0,414832.0,443502.0,460384.0,481754.0
Sumbawa,233479.0,246097.0,259474.0,268326.0,272274.0,296914.0,300643.0,320617.0,340254.0,369115.0,376307.0,404396.0,441977.0,477774.0,492991.0
Sumbawa Barat,342026.0,371934.0,379222.0,395832.0,408991.0,435890.0,444465.0,459065.0,468122.0,489863.0,499013.0,518619.0,565599.0,611142.0,629139.0
Sumedang,239009.0,249315.0,260160.0,265495.0,281649.0,295009.0,307394.0,334743.0,342073.0,353092.0,360054.0,371870.0,396573.0,422714.0,436490.0
Sumenep,225096.0,241084.0,259046.0,270890.0,284756.0,301781.0,313330.0,340033.0,357473.0,382491.0,400960.0,427882.0,471860.0,506569.0,521366.0
Supiori,281743.0,301605.0,325385.0,338029.0,381346.0,388523.0,429102.0,434625.0,447524.0,471401.0,498615.0,526482.0,554954.0,587783.0,618030.0
Tabalong,278514.0,302986.0,330764.0,350737.0,368924.0,406669.0,430129.0,446765.0,463980.0,531180.0,542800.0,573018.0,615912.0,637132.0,646864.0
Tabanan,294945.0,312770.0,329226.0,338299.0,365022.0,392479.0,412561.0,422345.0,425926.0,450571.0,488750.0,522520.0,562801.0,601963.0,628223.0
Takalar,223999.0,237877.0,253415.0,262202.0,278538.0,286537.0,299721.0,335989.0,356973.0,364378.0,380564.0,399062.0,428941.0,455793.0,475861.0
Tambrauw,258938.0,269975.0,281586.0,287577.0,290732.0,291576.0,308298.0,329708.0,362884.0,393268.0,399421.0,485342.0,528817.0,579473.0,606660.0
Tana Tidung,272030.0,286064.0,301852.0,317128.0,326201.0,354012.0,366856.0,376876.0,406949.0,425348.0,440599.0,462898.0,490400.0,518696.0,537590.0
Tana Toraja,196785.0,206952.0,217981.0,226762.0,238838.0,251452.0,261573.0,299570.0,316911.0,336877.0,350220.0,366753.0,399202.0,418308.0,435955.0
Tanah Bumbu,276961.0,303431.0,332406.0,353313.0,370670.0,408481.0,427852.0,451714.0,475763.0,513803.0,530568.0,557500.0,619249.0,643652.0,660029.0
Tanah Datar,260419.0,275282.0,291848.0,302268.0,306560.0,346267.0,361037.0,369833.0,379041.0,420049.0,441793.0,466907.0,515587.0,554665.0,564372.0
Tanah Laut,268918.0,291923.0,317127.0,335160.0,354481.0,400757.0,425152.0,447212.0,480010.0,522845.0,537854.0,575061.0,620532.0,670062.0,679188.0
Tangerang,290423.0,311141.0,335291.0,351789.0,372431.0,405902.0,423486.0,451325.0,476636.0,520742.0,545065.0,576122.0,604362.0,632941.0,655324.0
Tanggamus,250134.0,267148.0,287560.0,299051.0,309569.0,332302.0,341443.0,351167.0,359580.0,397984.0,410510.0,430697.0,463925.0,496000.0,521482.0
Tanjung Jabung Barat,241520.0,254547.0,270069.0,279000.0,286671.0,303479.0,314436.0,348495.0,364012.0,396113.0,409631.0,453956.0,499318.0,575337.0,586789.0
Tanjung Jabung Timur,252716.0,266685.0,283415.0,293057.0,301563.0,322389.0,338963.0,361574.0,374735.0,392778.0,406772.0,468201.0,514905.0,592432.0,601104.0
Tapanuli Selatan,267769.0,278129.0,288154.0,293441.0,300449.0,326321.0,340065.0,343407.0,364798.0,397363.0,420431.0,445612.0,480834.0,512480.0,527232.0
Tapanuli Tengah,266861.0,275330.0,288774.0,298573.0,307710.0,353753.0,367687.0,369471.0,376474.0,406646.0,429050.0,450940.0,489760.0,527227.0,546223.0
Tapanuli Utara,258612.0,267538.0,276803.0,283464.0,291893.0,325606.0,344644.0,357464.0,377948.0,406813.0,437428.0,466316.0,499881.0,531593.0,549677.0
Tapin,242603.0,268641.0,295353.0,314696.0,330033.0,369153.0,390488.0,405591.0,406367.0,446577.0,459160.0,484113.0,516532.0,561101.0,562504.0
Tasikmalaya,209238.0,222594.0,237114.0,246796.0,255540.0,274470.0,284462.0,306759.0,311848.0,323880.0,333909.0,347917.0,378958.0,400148.0,413178.0
Tebo,256980.0,273695.0,294410.0,306494.0,315053.0,338160.0,363698.0,379390.0,404473.0,435523.0,448461.0,485883.0,528310.0,590573.0,602105.0
Tegal,222700.0,239207.0,258366.0,271875.0,282861.0,308270.0,319758.0,332298.0,365334.0,390520.0,404655.0,434638.0,470728.0,497315.0,516933.0
Teluk Bintuni,431689.0,463871.0,492193.0,521639.0,541295.0,549169.0,583323.0,587770.0,644838.0,683667.0,693305.0,716834.0,787048.0,794285.0,810638.0
Teluk Wondama,357985.0,378048.0,403964.0,431100.0,446542.0,456709.0,488233.0,508345.0,557702.0,588838.0,597676.0,614573.0,659187.0,710854.0,766187.0
Temanggung,198888.0,212487.0,229548.0,240845.0,248866.0,268730.0,277707.0,287981.0,310176.0,323705.0,336034.0,354012.0,388369.0,416086.0,443089.0
Timor Tengah Selatan,198891.0,216301.0,235956.0,246276.0,254454.0,276727.0,293617.0,302124.0,318986.0,338099.0,344239.0,382167.0,420783.0,436707.0,454423.0
Timor Tengah Utara,216681.0,238249.0,261995.0,274564.0,290296.0,316487.0,335517.0,343965.0,363162.0,386990.0,394818.0,440155.0,485744.0,499772.0,516059.0
Toba Samosir,262533.0,270701.0,278478.0,282744.0,292695.0,326501.0,345591.0,352860.0,373020.0,404864.0,435332.0,465681.0,496950.0,531581.0,549563.0
Tojo Una-Una,277143.0,302036.0,332065.0,356790.0,362840.0,404437.0,417508.0,442186.0,472245.0,504889.0,521534.0,547910.0,597788.0,622000.0,636439.0
Toli-Toli,205413.0,217303.0,230115.0,240276.0,244472.0,272499.0,281882.0,299052.0,317448.0,343770.0,354427.0,378317.0,405556.0,441975.0,461159.0
Tolikara,182150.0,190421.0,199192.0,203714.0,218759.0,228288.0,252132.0,371589.0,382936.0,404812.0,441994.0,472692.0,525770.0,675908.0,861729.0
Toraja Utara,286763.0,310058.0,316276.0,341070.0,367325.0,393478.0,408827.0,309806.0,314426.0,328096.0,348611.0,364343.0,395731.0,413029.0,435309.0
Trenggalek,214312.0,228681.0,243665.0,250666.0,260133.0,275426.0,288779.0,308644.0,323787.0,340915.0,358831.0,381448.0,411527.0,434146.0,450334.0
Tuban,225731.0,241103.0,256900.0,265659.0,277599.0,294543.0,308822.0,328268.0,348503.0,371465.0,388176.0,421287.0,454336.0,488131.0,504823.0
Tulang Bawang Barat,253773.0,271223.0,291721.0,303252.0,329796.0,358939.0,370332.0,384933.0,391096.0,432693.0,447327.0,476712.0,511418.0,544020.0,577725.0
Tulangbawang,256793.0,275088.0,295738.0,307349.0,337167.0,362185.0,373681.0,384465.0,393676.0,438744.0,456567.0,486739.0,522396.0,560324.0,588734.0
Tulungagung,234806.0,251372.0,269290.0,277707.0,292483.0,304518.0,314532.0,328640.0,341651.0,362213.0,374183.0,391888.0,423875.0,447793.0,463364.0
Wajo,217273.0,228786.0,238194.0,244212.0,253164.0,258821.0,264376.0,297121.0,311017.0,350765.0,361181.0,375022.0,402351.0,431291.0,450789.0
Wakatobi,198229.0,202103.0,206570.0,207228.0,218939.0,234351.0,239819.0,256308.0,278929.0,294440.0,302511.0,319981.0,340151.0,355748.0,371128.0
Waropen,351885.0,396228.0,448507.0,477672.0,536760.0,567808.0,627112.0,632478.0,655060.0,691544.0,731467.0,769979.0,810167.0,835594.0,878213.0
Way Kanan,241330.0,257498.0,276091.0,286518.0,291207.0,313733.0,323691.0,333033.0,341012.0,377712.0,389088.0,409522.0,433471.0,464717.0,501220.0
Wonogiri,207496.0,221019.0,235728.0,244761.0,252903.0,275507.0,284710.0,293357.0,327364.0,341643.0,356728.0,376763.0,414901.0,443563.0,479566.0
Wonosobo,226827.0,242047.0,258522.0,267548.0,275180.0,297422.0,308553.0,323490.0,340827.0,362683.0,373474.0,399180.0,425105.0,456351.0,486105.0
Yahukimo,233405.0,253240.0,274781.0,286300.0,303586.0,320783.0,338613.0,379628.0,414936.0,428433.0,466113.0,496222.0,549772.0,718084.0,908562.0
Yalimo,219074.0,232140.0,246035.0,253293.0,270455.0,286170.0,316059.0,320971.0,330040.0,347171.0,378167.0,395868.0,434256.0,600536.0,775882.0
